TICKER,date,OPEN,HIGH,LOW,CLOSE,VOL,value_key_rate,value_petroleum,value_currency
company_1,2020-01-03,60.4,70.5,60.3,69.5,466620.0,6.25,68.6226,61.234
company_1,2020-01-06,69.9,75.0,69.5,73.6,448850.0,6.25,68.91,61.234
company_1,2020-01-08,75.9,75.9,66.3,73.0,297840.0,6.25,64.79,61.234
company_1,2020-01-09,73.0,75.0,69.6,70.3,211360.0,6.25,65.3377,61.234
company_1,2020-01-10,71.5,73.0,70.2,71.7,93780.0,6.25,65.021,61.234
company_1,2020-01-13,73.1,73.8,71.1,72.3,90380.0,6.25,64.2342,60.9474
company_1,2020-01-14,70.8,72.8,69.6,70.1,109930.0,6.25,64.4199,60.9474
company_1,2020-01-15,70.4,72.4,68.8,70.0,220210.0,6.25,64.0,61.414
company_1,2020-01-16,70.9,71.8,69.9,71.3,79950.0,6.25,64.62,61.4328
company_1,2020-01-17,70.9,72.4,70.3,72.0,65660.0,6.25,64.85,61.5694
company_1,2020-01-20,71.5,73.0,70.2,71.6,52670.0,6.25,65.2,61.4654
company_1,2020-01-21,71.6,72.1,70.3,70.9,21820.0,6.25,64.5758,61.4654
company_1,2020-01-22,71.4,71.9,70.9,71.5,81720.0,6.25,63.21,61.8552
company_1,2020-01-23,71.4,71.4,67.7,69.1,91370.0,6.25,62.04,61.8343
company_1,2020-01-24,69.3,70.0,68.0,68.4,37050.0,6.25,60.69,61.9515
company_1,2020-01-27,68.1,68.7,64.3,64.8,73580.0,6.25,59.32,62.338
company_1,2020-01-28,65.0,69.0,64.7,67.4,76220.0,6.25,59.51,62.338
company_1,2020-01-29,66.5,70.5,66.2,68.0,40180.0,6.25,59.81,62.8299
company_1,2020-01-30,68.7,69.7,68.2,69.6,27910.0,6.25,58.29,62.3934
company_1,2020-01-31,69.9,70.0,67.6,67.8,25170.0,6.25,56.62,63.0359
company_1,2020-02-03,67.6,69.8,66.0,67.7,57030.0,6.25,54.45,63.9091
company_1,2020-02-04,67.0,68.8,67.0,68.1,6650.0,6.25,53.96,63.9091
company_1,2020-02-05,67.1,69.0,65.7,66.7,40400.0,6.25,55.28,63.4342
company_1,2020-02-06,67.1,67.8,65.9,66.7,39500.0,6.25,54.93,63.1742
company_1,2020-02-07,66.3,67.6,66.3,67.1,13220.0,6.25,54.5036,62.7977
company_1,2020-02-10,67.4,69.4,66.3,68.5,49560.0,6.0,53.27,63.7708
company_1,2020-02-11,68.1,69.0,67.6,68.2,22410.0,6.0,54.01,63.7708
company_1,2020-02-12,68.9,68.9,67.1,67.8,24500.0,6.0,55.79,63.949
company_1,2020-02-13,68.2,68.6,66.9,67.4,10550.0,6.0,56.34,63.047
company_1,2020-02-14,68.0,68.0,66.1,67.7,10760.0,6.0,57.32,63.6016
company_1,2020-02-17,69.8,78.0,69.1,74.9,677310.0,6.0,57.75,63.3085
company_1,2020-02-18,75.5,79.9,71.3,73.2,607330.0,6.0,57.75,63.3085
company_1,2020-02-19,75.0,76.0,70.2,72.1,302050.0,6.0,59.12,63.7698
company_1,2020-02-20,72.9,73.4,71.4,72.6,126720.0,6.0,59.31,63.6873
company_1,2020-02-21,71.5,74.0,71.3,72.4,35400.0,6.0,58.2434,63.7413
company_1,2020-02-25,71.0,72.8,69.7,69.8,66320.0,6.0,54.95,64.9213
company_1,2020-02-26,69.5,71.2,66.8,68.9,121720.0,6.0,53.43,64.9213
company_1,2020-02-27,68.5,68.8,65.9,67.8,59710.0,6.0,52.18,65.5177
company_1,2020-02-28,66.5,68.5,62.5,65.5,134390.0,6.0,50.52,65.6097
company_1,2020-03-02,66.6,68.7,63.1,66.1,89620.0,6.0,52.0486,66.3274
company_1,2020-03-03,66.2,67.0,63.7,67.0,44780.0,6.0,51.9,66.3274
company_1,2020-03-04,67.0,68.5,64.8,67.6,21410.0,6.0,51.4,66.4437
company_1,2020-03-05,67.2,68.9,65.9,66.7,19950.0,6.0,49.93,66.0784
company_1,2020-03-06,66.7,66.7,60.2,63.0,91340.0,6.0,45.5,66.1854
company_1,2020-03-10,60.0,61.9,57.0,58.4,73850.0,6.0,37.81,72.0208
company_1,2020-03-11,61.0,61.6,58.4,59.4,37570.0,6.0,35.79,72.0208
company_1,2020-03-12,58.9,69.8,50.1,51.3,171490.0,6.0,32.66,71.472
company_1,2020-03-13,50.3,54.0,50.2,52.9,44130.0,6.0,34.67,74.0274
company_1,2020-03-16,52.9,53.0,50.1,51.5,22440.0,6.0,29.51,74.1262
company_1,2020-03-17,51.9,52.4,48.0,48.4,51500.0,6.0,28.62,74.1262
company_1,2020-03-18,48.4,48.8,42.3,44.0,116220.0,6.0,24.88,73.8896
company_1,2020-03-19,44.9,51.0,43.4,49.9,118560.0,6.0,28.47,77.2131
company_1,2020-03-20,50.0,53.5,49.1,51.2,113240.0,6.0,26.98,80.157
company_1,2020-03-23,50.1,53.0,48.0,51.5,33800.0,6.0,27.46,80.8815
company_1,2020-03-24,52.8,53.8,51.9,52.8,22870.0,6.0,27.47,80.8815
company_1,2020-03-25,53.1,56.8,52.5,55.5,90930.0,6.0,27.45,78.8493
company_1,2020-03-26,54.2,56.7,52.6,56.6,45030.0,6.0,26.34,77.7928
company_1,2020-03-27,56.6,56.6,53.6,53.8,18770.0,6.0,24.93,78.7223
company_1,2020-03-30,53.9,54.6,49.5,51.1,650920.0,6.0,22.76,76.4074
company_1,2020-03-31,51.1,52.8,49.9,51.7,339620.0,6.0,22.74,76.4074
company_1,2020-04-01,51.2,51.9,50.5,51.0,76290.0,6.0,24.74,76.4074
company_1,2020-04-02,51.5,52.5,50.3,50.9,217910.0,6.0,29.94,76.4074
company_1,2020-04-03,50.4,53.9,50.2,53.6,221780.0,6.0,34.11,76.4074
company_1,2020-04-06,53.9,55.9,51.5,54.4,137930.0,6.0,33.05,76.4074
company_1,2020-04-07,54.6,56.0,54.4,54.8,144420.0,6.0,31.87,76.4074
company_1,2020-04-08,54.6,54.8,53.0,53.7,139680.0,6.0,32.84,75.455
company_1,2020-04-09,55.6,55.6,53.3,54.1,90850.0,6.0,31.48,75.7499
company_1,2020-04-10,54.5,54.8,53.5,54.1,48010.0,6.0,31.74,74.605
company_1,2020-04-13,54.5,54.5,53.5,54.2,33530.0,6.0,31.74,73.5245
company_1,2020-04-14,54.5,54.9,54.0,54.1,27370.0,6.0,29.6,73.5245
company_1,2020-04-15,54.1,54.8,51.5,52.0,76170.0,6.0,27.69,73.315
company_1,2020-04-16,51.7,53.4,51.6,53.1,35110.0,6.0,27.82,73.7145
company_1,2020-04-17,52.8,53.8,52.8,53.0,19190.0,6.0,28.08,74.7119
company_1,2020-04-20,52.8,53.7,52.5,52.6,24620.0,6.0,25.57,74.6657
company_1,2020-04-21,53.4,53.8,51.1,51.5,35830.0,6.0,19.33,74.6657
company_1,2020-04-22,51.6,53.0,51.4,52.9,50260.0,6.0,20.37,76.2562
company_1,2020-04-23,53.0,54.0,53.0,54.0,67140.0,6.0,21.33,77.0416
company_1,2020-04-24,54.3,56.6,53.2,54.9,125300.0,6.0,21.44,75.129
company_1,2020-04-27,54.3,56.0,53.9,55.2,42510.0,5.5,19.99,74.496
company_1,2020-04-28,55.2,56.7,54.3,55.8,140480.0,5.5,20.46,74.496
company_1,2020-04-29,55.9,56.1,55.0,55.5,22360.0,5.5,22.54,74.5706
company_1,2020-04-30,55.7,56.1,54.8,55.5,28990.0,5.5,25.27,73.6894
company_1,2020-05-04,56.1,56.1,54.8,55.1,17000.0,5.5,27.2,73.9719
company_1,2020-05-05,55.4,56.5,55.1,56.0,25030.0,5.5,30.97,73.9719
company_1,2020-05-06,56.5,56.8,55.5,55.6,32760.0,5.5,29.72,73.9719
company_1,2020-05-07,56.0,56.7,55.3,55.3,19500.0,5.5,29.46,73.9719
company_1,2020-05-08,55.7,56.2,55.1,56.0,15370.0,5.5,30.97,74.1169
company_1,2020-05-12,56.9,57.5,54.9,55.5,44260.0,5.5,29.98,73.4326
company_1,2020-05-13,55.2,55.6,53.4,54.3,78600.0,5.5,29.19,73.4326
company_1,2020-05-14,54.0,54.9,53.1,54.2,31990.0,5.5,31.13,73.5819
company_1,2020-05-15,54.4,54.8,54.0,54.3,13800.0,5.5,32.5,73.9298
company_1,2020-05-18,54.2,55.7,54.0,55.2,11060.0,5.5,34.81,72.9798
company_1,2020-05-19,54.8,55.7,54.6,54.7,17110.0,5.5,34.65,72.9798
company_1,2020-05-20,55.0,55.3,54.5,55.2,24910.0,5.5,35.75,72.3918
company_1,2020-05-21,55.2,55.8,53.6,55.4,43930.0,5.5,36.06,72.3381
company_1,2020-05-22,55.4,55.5,54.2,55.0,9890.0,5.5,35.13,70.924
company_1,2020-05-25,55.3,55.6,54.8,55.2,15070.0,5.5,35.53,71.5962
company_1,2020-05-26,54.9,56.0,54.7,55.6,23330.0,5.5,36.17,71.5962
company_1,2020-05-27,55.5,56.2,55.1,55.3,29360.0,5.5,34.74,71.1408
company_1,2020-05-28,55.2,56.2,55.2,55.5,30310.0,5.5,35.29,71.0635
company_1,2020-05-29,55.9,56.2,55.4,55.9,21840.0,5.5,37.84,71.1012
company_1,2020-06-01,55.6,56.9,55.4,56.0,25010.0,5.5,38.32,69.7114
company_1,2020-06-02,56.5,65.0,55.4,60.6,260350.0,5.5,39.6,69.7114
company_1,2020-06-03,61.5,62.0,58.5,59.4,88770.0,5.5,39.79,68.9831
company_1,2020-06-04,59.3,59.7,57.2,58.3,56180.0,5.5,39.94,68.3413
company_1,2020-06-05,58.3,61.0,57.5,60.0,91620.0,5.5,42.3,69.0151
company_1,2020-06-08,60.4,60.6,58.5,59.4,94430.0,5.5,40.76,68.3123
company_1,2020-06-09,58.5,59.5,56.0,58.0,30270.0,5.5,40.64,68.3123
company_1,2020-06-10,58.4,59.3,57.3,58.8,42840.0,5.5,41.22,68.6745
company_1,2020-06-11,59.2,59.8,57.2,57.3,36680.0,5.5,38.33,68.6183
company_1,2020-06-15,57.4,58.6,55.9,58.6,73670.0,5.5,39.79,70.395
company_1,2020-06-16,58.9,59.0,57.1,57.8,64580.0,5.5,40.67,70.395
company_1,2020-06-17,57.2,57.9,57.2,57.7,21170.0,5.5,40.53,69.7524
company_1,2020-06-18,57.7,57.8,57.1,57.3,10220.0,5.5,41.46,69.4822
company_1,2020-06-19,57.4,57.9,57.3,57.6,23340.0,5.5,42.19,69.618
company_1,2020-06-22,58.5,58.6,57.6,58.1,32240.0,4.5,43.03,69.4835
company_1,2020-06-23,58.6,58.6,57.3,57.4,25080.0,4.5,42.63,69.4835
company_1,2020-06-25,58.9,58.9,56.3,57.0,21890.0,4.5,41.05,68.8376
company_1,2020-06-26,57.5,57.7,56.4,57.0,13290.0,4.5,40.71,69.466
company_1,2020-06-29,57.3,57.8,56.3,57.0,22390.0,4.5,41.46,69.9513
company_1,2020-06-30,57.0,57.8,56.3,57.1,27200.0,4.5,41.14,69.9513
company_1,2020-07-02,56.8,58.0,56.8,57.5,26610.0,4.5,43.14,70.4413
company_1,2020-07-03,58.3,58.3,57.0,57.1,31930.0,4.5,42.8,70.5198
company_1,2020-07-06,57.6,58.0,57.1,57.8,24450.0,4.5,43.1,71.3409
company_1,2020-07-07,59.8,59.8,54.9,57.4,25990.0,4.5,43.08,71.3409
company_1,2020-07-08,57.4,57.4,56.5,56.8,29670.0,4.5,43.29,72.1719
company_1,2020-07-09,56.5,57.4,56.5,56.8,12610.0,4.5,42.35,71.2379
company_1,2020-07-10,57.0,57.1,55.8,56.2,25370.0,4.5,43.24,70.88
company_1,2020-07-13,56.2,58.8,56.2,58.7,125090.0,4.5,42.72,70.7479
company_1,2020-07-14,58.3,59.3,56.6,57.8,61820.0,4.5,42.9,70.7479
company_1,2020-07-15,58.5,58.6,56.9,57.8,50550.0,4.5,43.79,71.1275
company_1,2020-07-16,58.5,58.6,57.3,58.1,54570.0,4.5,43.37,70.7998
company_1,2020-07-17,61.2,61.9,57.7,58.5,207590.0,4.5,43.14,71.231
company_1,2020-07-20,58.5,59.2,57.0,58.3,90270.0,4.5,43.28,71.9628
company_1,2020-07-21,58.6,58.7,57.8,58.2,75900.0,4.5,44.32,71.9628
company_1,2020-07-22,58.1,58.8,57.9,58.2,29210.0,4.5,44.29,70.9668
company_1,2020-07-23,58.1,58.5,57.3,58.0,44730.0,4.5,43.31,70.7881
company_1,2020-07-24,57.6,58.1,57.2,58.1,11420.0,4.5,43.34,70.963
company_1,2020-07-27,57.4,58.2,57.2,57.7,53450.0,4.25,43.41,71.585
company_1,2020-07-28,57.7,58.2,57.5,57.6,23840.0,4.25,43.22,71.585
company_1,2020-07-29,57.7,60.6,57.5,60.0,199620.0,4.25,43.75,71.9196
company_1,2020-07-30,60.7,60.9,58.4,59.5,68630.0,4.25,42.94,72.2348
company_1,2020-07-31,59.9,60.2,57.7,57.7,103340.0,4.25,43.3,73.3633
company_1,2020-08-03,58.4,59.0,57.6,58.2,90290.0,4.25,44.15,74.1586
company_1,2020-08-04,58.4,58.6,57.8,58.4,27490.0,4.25,44.43,74.1586
company_1,2020-08-05,58.4,59.3,58.1,58.5,68190.0,4.25,45.17,73.3806
company_1,2020-08-06,58.5,58.8,58.0,58.6,29420.0,4.25,45.09,73.2806
company_1,2020-08-07,58.7,76.0,58.2,65.7,2073940.0,4.25,44.4,73.0397
company_1,2020-08-10,66.5,70.7,63.3,64.9,430470.0,4.25,44.99,73.775
company_1,2020-08-11,65.4,65.8,62.4,63.8,180980.0,4.25,44.5,73.775
company_1,2020-08-12,65.0,66.6,64.0,65.0,161600.0,4.25,45.43,73.1522
company_1,2020-08-13,65.0,65.8,64.3,64.8,67790.0,4.25,44.96,73.2351
company_1,2020-08-14,65.1,66.8,64.2,65.4,90490.0,4.25,44.93,73.6067
company_1,2020-08-17,65.4,66.0,63.0,64.2,126690.0,4.25,45.37,72.9676
company_1,2020-08-18,64.0,64.0,63.1,63.5,37240.0,4.25,45.46,72.9676
company_1,2020-08-19,64.1,79.9,63.4,66.8,644720.0,4.25,45.37,73.4321
company_1,2020-08-20,66.1,66.7,64.1,64.5,150310.0,4.25,44.9,73.2392
company_1,2020-08-21,65.2,65.7,64.2,64.4,46280.0,4.25,44.35,73.7711
company_1,2020-08-24,64.6,64.6,63.5,64.3,60240.0,4.25,45.01,74.4184
company_1,2020-08-25,64.0,64.6,63.7,63.9,38660.0,4.25,45.86,74.4184
company_1,2020-08-26,64.3,64.3,63.1,63.3,63150.0,4.25,45.64,74.5126
company_1,2020-08-27,63.6,65.6,63.1,64.7,105280.0,4.25,45.6,75.5379
company_1,2020-08-28,65.0,65.1,63.7,63.9,15770.0,4.25,45.05,75.2354
company_1,2020-08-31,64.4,65.9,63.6,63.8,96310.0,4.25,45.55,73.8039
company_1,2020-09-01,64.2,64.5,63.1,63.3,44140.0,4.25,45.58,73.8039
company_1,2020-09-02,63.2,64.5,61.7,62.3,87050.0,4.25,44.43,73.5849
company_1,2020-09-03,62.3,62.6,60.6,61.2,66220.0,4.25,43.99,73.8588
company_1,2020-09-04,61.0,62.5,60.1,61.8,76490.0,4.25,42.66,75.468
company_1,2020-09-07,61.7,63.4,61.6,63.1,51210.0,4.25,41.9,75.591
company_1,2020-09-08,63.2,63.4,60.6,61.6,49200.0,4.25,39.78,75.591
company_1,2020-09-09,61.1,63.3,61.1,62.5,68810.0,4.25,40.79,75.9645
company_1,2020-09-10,63.4,63.4,62.3,62.7,19020.0,4.25,40.06,76.0713
company_1,2020-09-11,62.4,63.0,62.0,62.6,21370.0,4.25,39.83,75.5274
company_1,2020-09-14,62.7,64.4,62.4,62.5,96050.0,4.25,39.61,74.7148
company_1,2020-09-15,62.5,63.8,62.5,62.9,23060.0,4.25,40.53,74.7148
company_1,2020-09-16,62.9,62.9,62.4,62.7,16660.0,4.25,42.22,75.1884
company_1,2020-09-17,62.4,63.3,62.3,63.0,25200.0,4.25,43.3,74.9278
company_1,2020-09-18,63.3,63.7,62.9,63.2,27070.0,4.25,43.15,75.1941
company_1,2020-09-21,63.0,63.6,62.0,62.0,32810.0,4.25,41.44,76.0381
company_1,2020-09-22,62.0,62.8,61.9,62.1,14760.0,4.25,41.72,76.0381
company_1,2020-09-23,62.3,62.4,60.7,61.7,49500.0,4.25,41.77,76.2711
company_1,2020-09-24,61.6,61.8,59.5,61.5,170120.0,4.25,41.94,76.3545
company_1,2020-09-25,61.5,61.6,60.3,60.6,27370.0,4.25,41.92,77.178
company_1,2020-09-28,60.9,60.9,59.0,59.9,101650.0,4.25,42.43,78.6713
company_1,2020-09-29,59.9,60.1,59.5,59.7,24310.0,4.25,41.03,78.6713
company_1,2020-09-30,59.5,59.9,59.5,59.7,14450.0,4.25,40.95,79.6845
company_1,2020-10-01,59.6,60.5,59.5,59.9,42710.0,4.25,40.93,78.7847
company_1,2020-10-02,60.0,60.0,59.0,59.3,23260.0,4.25,39.27,77.2774
company_1,2020-10-05,59.3,59.8,59.1,59.4,19540.0,4.25,41.29,78.1281
company_1,2020-10-06,59.1,60.4,58.2,59.8,48020.0,4.25,42.65,78.1281
company_1,2020-10-07,59.6,59.8,58.8,59.3,29620.0,4.25,41.99,78.5119
company_1,2020-10-08,59.3,59.8,58.8,59.3,15150.0,4.25,43.34,78.0921
company_1,2020-10-09,59.1,62.0,59.1,59.6,27680.0,4.25,42.85,77.9157
company_1,2020-10-12,60.1,60.5,59.1,60.3,30230.0,4.25,41.72,77.0239
company_1,2020-10-13,60.8,60.8,59.1,59.4,28060.0,4.25,42.45,77.0239
company_1,2020-10-14,59.6,60.2,59.1,60.2,16150.0,4.25,43.32,77.2855
company_1,2020-10-15,60.2,62.9,59.7,61.4,140790.0,4.25,43.16,77.2759
company_1,2020-10-16,61.6,62.7,60.7,62.0,47290.0,4.25,42.93,77.9461
company_1,2020-10-19,61.8,63.0,61.1,62.4,72340.0,4.25,42.62,77.9241
company_1,2020-10-20,62.1,62.4,61.6,61.8,15160.0,4.25,43.16,77.9241
company_1,2020-10-21,61.9,62.1,61.5,61.8,12410.0,4.25,41.73,77.778
company_1,2020-10-22,61.6,62.1,61.2,61.7,12310.0,4.25,42.46,77.0322
company_1,2020-10-23,61.8,62.4,61.0,61.4,24930.0,4.25,41.77,77.0809
company_1,2020-10-26,61.6,61.9,60.7,61.2,20640.0,4.25,40.46,76.4443
company_1,2020-10-27,61.2,61.3,60.4,60.5,17150.0,4.25,41.2,76.4443
company_1,2020-10-28,60.3,60.4,58.8,59.3,27520.0,4.25,39.12,76.4556
company_1,2020-10-29,59.2,59.2,56.5,58.5,103460.0,4.25,37.65,77.552
company_1,2020-10-30,57.7,58.5,57.2,57.7,17380.0,4.25,37.94,78.8699
company_1,2020-11-02,57.8,59.2,57.0,57.9,34000.0,4.25,38.97,80.5749
company_1,2020-11-03,58.0,58.5,57.4,58.0,29560.0,4.25,39.71,80.5749
company_1,2020-11-05,58.2,61.0,58.2,59.7,65290.0,4.25,40.93,78.4559
company_1,2020-11-06,59.7,62.2,59.0,60.8,55100.0,4.25,39.45,78.4559
company_1,2020-11-09,60.7,62.5,60.7,61.2,100420.0,4.25,42.4,76.9515
company_1,2020-11-10,61.5,61.7,60.5,61.0,31090.0,4.25,43.61,76.9515
company_1,2020-11-11,61.2,62.1,60.8,61.7,50230.0,4.25,43.8,76.3978
company_1,2020-11-12,62.1,62.1,60.9,61.3,17750.0,4.25,43.53,76.2075
company_1,2020-11-13,61.1,61.6,60.0,61.2,43650.0,4.25,42.78,77.1148
company_1,2020-11-16,61.3,61.6,60.8,61.1,30460.0,4.25,43.82,76.9197
company_1,2020-11-17,60.9,65.7,60.2,64.4,226750.0,4.25,43.75,76.9197
company_1,2020-11-18,65.8,65.8,63.0,63.9,107190.0,4.25,44.34,76.253
company_1,2020-11-19,63.9,64.0,62.6,63.3,46150.0,4.25,44.2,75.9268
company_1,2020-11-20,63.1,63.5,61.3,61.5,55150.0,4.25,44.96,76.2627
company_1,2020-11-23,61.7,62.9,61.7,62.9,44840.0,4.25,46.06,75.76
company_1,2020-11-24,62.7,64.0,62.7,63.6,68210.0,4.25,47.86,75.76
company_1,2020-11-25,63.7,65.7,62.2,63.5,104970.0,4.25,48.61,75.8146
company_1,2020-11-26,63.3,63.6,62.7,63.4,32280.0,4.25,47.8,75.4727
company_1,2020-11-27,63.2,65.1,63.0,63.9,194910.0,4.25,48.18,75.4518
company_1,2020-11-30,64.4,64.5,63.0,63.7,67620.0,4.25,47.59,76.1999
company_1,2020-12-01,63.8,64.6,63.8,64.5,61330.0,4.25,47.42,76.1999
company_1,2020-12-02,64.5,66.2,63.5,66.0,116310.0,4.25,48.25,76.3203
company_1,2020-12-03,66.2,67.0,64.5,65.5,83540.0,4.25,48.71,75.6151
company_1,2020-12-04,65.1,67.0,65.0,65.9,68680.0,4.25,49.25,75.1996
company_1,2020-12-07,65.9,66.5,64.9,65.6,67240.0,4.25,48.79,74.2506
company_1,2020-12-08,65.4,65.7,64.6,65.1,61250.0,4.25,48.84,74.2506
company_1,2020-12-09,65.1,65.6,64.6,65.0,40430.0,4.25,48.86,73.6618
company_1,2020-12-10,64.8,65.3,62.6,63.7,104820.0,4.25,50.25,73.3057
company_1,2020-12-11,63.9,66.2,63.5,64.3,131560.0,4.25,49.97,73.7124
company_1,2020-12-14,64.5,64.9,63.7,63.9,78870.0,4.25,50.29,72.9272
company_1,2020-12-15,64.2,64.6,63.5,64.6,69080.0,4.25,50.76,72.9272
company_1,2020-12-16,63.9,64.9,63.7,64.5,38820.0,4.25,51.08,73.4453
company_1,2020-12-17,64.5,64.6,63.9,64.1,44000.0,4.25,51.5,73.4201
company_1,2020-12-18,64.3,64.4,63.2,64.2,49730.0,4.25,52.26,72.9781
company_1,2020-12-21,64.1,64.3,61.8,62.4,80120.0,4.25,50.91,74.6721
company_1,2020-12-22,62.4,64.2,62.2,64.0,139310.0,4.25,50.08,74.6721
company_1,2020-12-23,63.8,64.2,63.5,63.8,21040.0,4.25,51.2,75.3498
company_1,2020-12-24,64.0,64.2,60.8,62.8,65370.0,4.25,51.29,75.4571
company_1,2020-12-25,63.0,64.0,63.0,63.7,42380.0,4.25,50.86,74.8392
company_1,2020-12-28,63.7,64.6,63.4,64.0,60960.0,4.25,50.86,73.7175
company_1,2020-12-29,64.4,65.7,63.8,63.9,125670.0,4.25,51.09,73.7175
company_1,2020-12-30,64.6,64.9,63.9,64.7,43940.0,4.25,51.34,73.6567
company_1,2021-01-04,64.8,65.5,64.6,64.9,53470.0,4.25,51.09,74.5157
company_1,2021-01-05,65.1,66.5,64.8,65.1,34660.0,4.25,53.6,74.5157
company_1,2021-01-06,65.3,66.6,64.9,65.0,41130.0,4.25,54.3,74.5157
company_1,2021-01-08,65.1,65.6,65.0,65.1,52420.0,4.25,55.99,74.5157
company_1,2021-01-11,65.4,65.6,64.3,64.8,93310.0,4.25,55.66,74.5157
company_1,2021-01-12,65.0,65.5,64.6,64.9,64790.0,4.25,56.58,74.5157
company_1,2021-01-13,65.1,65.3,64.6,64.7,28930.0,4.25,56.06,74.2663
company_1,2021-01-14,64.5,65.0,64.5,64.7,26290.0,4.25,56.42,73.5264
company_1,2021-01-15,65.2,65.3,64.6,64.6,35810.0,4.25,55.1,73.7961
company_1,2021-01-18,65.9,66.0,64.5,64.9,21690.0,4.25,54.75,73.9735
company_1,2021-01-19,64.7,65.0,64.6,64.8,23380.0,4.25,55.9,73.9735
company_1,2021-01-20,65.0,65.1,64.6,64.6,21270.0,4.25,56.08,73.7243
company_1,2021-01-21,64.6,64.9,63.8,64.1,43580.0,4.25,56.1,73.355
company_1,2021-01-22,64.1,64.1,62.3,63.2,72610.0,4.25,55.41,73.3694
company_1,2021-01-25,63.4,63.4,62.1,62.9,58800.0,4.25,55.88,74.8569
company_1,2021-01-26,62.9,63.8,62.8,63.8,29840.0,4.25,55.91,74.8569
company_1,2021-01-27,63.8,63.8,62.8,62.9,59970.0,4.25,55.81,75.6354
company_1,2021-01-28,62.9,62.9,62.1,62.6,37650.0,4.25,55.53,75.04
company_1,2021-01-29,62.3,63.5,62.2,62.4,38880.0,4.25,55.04,76.1854
company_1,2021-02-01,63.3,64.0,60.5,62.4,55570.0,4.25,56.35,75.5053
company_1,2021-02-02,62.6,63.3,62.3,63.2,23960.0,4.25,57.46,75.5053
company_1,2021-02-03,63.1,63.2,62.7,62.8,19770.0,4.25,58.46,75.9051
company_1,2021-02-04,62.9,65.0,62.9,63.9,97390.0,4.25,58.84,76.0801
company_1,2021-02-05,64.0,64.7,63.0,63.5,38450.0,4.25,59.34,75.7293
company_1,2021-02-08,64.0,64.6,63.1,63.6,39940.0,4.25,60.56,74.2602
company_1,2021-02-09,63.2,63.9,63.1,63.3,22760.0,4.25,61.09,74.2602
company_1,2021-02-10,63.7,64.5,63.3,63.9,54280.0,4.25,61.47,74.1192
company_1,2021-02-11,63.6,64.2,63.1,63.8,29340.0,4.25,61.14,73.8526
company_1,2021-02-12,64.1,64.3,62.1,63.3,70150.0,4.25,62.43,73.7579
company_1,2021-02-15,63.9,64.0,63.2,63.8,28920.0,4.25,63.3,73.3092
company_1,2021-02-16,64.0,64.1,63.5,63.6,29470.0,4.25,63.35,73.3092
company_1,2021-02-17,63.6,64.0,63.5,63.5,34330.0,4.25,64.34,73.2895
company_1,2021-02-18,63.3,63.7,62.9,62.9,29810.0,4.25,63.93,73.7669
company_1,2021-02-19,63.0,63.5,62.3,63.2,29970.0,4.25,62.91,73.7755
company_1,2021-02-20,62.9,63.9,62.6,63.6,21320.0,4.25,65.24,73.9717
company_1,2021-02-22,63.1,69.0,62.7,62.8,642100.0,4.25,65.24,73.7532
company_1,2021-02-24,63.4,64.1,62.7,62.9,84140.0,4.25,67.04,73.7532
company_1,2021-02-25,62.7,63.1,62.0,63.0,89170.0,4.25,66.88,73.7532
company_1,2021-02-26,62.3,62.7,61.3,62.2,42430.0,4.25,64.42,73.4747
company_1,2021-03-01,65.2,66.0,64.0,64.2,187840.0,4.25,63.69,74.0448
company_1,2021-03-02,64.3,65.0,64.2,64.8,74190.0,4.25,62.7,74.0448
company_1,2021-03-03,64.9,65.1,64.6,64.6,41710.0,4.25,64.07,74.5755
company_1,2021-03-04,65.0,65.3,64.0,64.1,46840.0,4.25,66.74,73.5187
company_1,2021-03-05,64.1,64.5,63.8,64.2,49440.0,4.25,69.36,73.7864
company_1,2021-03-09,64.7,64.8,64.1,64.6,52540.0,4.25,67.52,74.264
company_1,2021-03-10,64.4,64.9,64.3,64.5,37260.0,4.25,67.9,74.264
company_1,2021-03-11,64.9,65.6,64.3,64.6,55060.0,4.25,69.63,74.0393
company_1,2021-03-12,64.6,65.9,64.4,64.5,63830.0,4.25,69.22,73.4996
company_1,2021-03-15,64.5,66.9,64.4,65.0,127440.0,4.25,68.88,73.2317
company_1,2021-03-16,65.6,65.6,64.5,64.6,60880.0,4.25,68.39,73.2317
company_1,2021-03-17,64.5,67.8,64.4,65.1,250220.0,4.25,68.0,72.9619
company_1,2021-03-18,65.2,66.0,64.7,65.0,42400.0,4.25,63.28,73.1019
company_1,2021-03-19,65.4,66.8,64.9,65.5,82490.0,4.25,64.53,73.6582
company_1,2021-03-22,65.5,66.2,65.1,65.5,53590.0,4.5,64.62,74.6085
company_1,2021-03-23,66.0,66.0,64.6,64.6,44580.0,4.5,60.79,74.6085
company_1,2021-03-24,64.6,65.3,64.4,65.0,44120.0,4.5,64.41,75.3585
company_1,2021-03-25,64.5,65.2,64.2,64.2,43790.0,4.5,61.95,76.1535
company_1,2021-03-26,65.1,65.9,64.4,65.0,91230.0,4.5,64.57,76.1741
company_1,2021-03-29,65.0,65.5,64.4,65.0,64630.0,4.5,64.98,75.8287
company_1,2021-03-30,65.0,65.4,64.5,64.6,52620.0,4.5,64.14,75.8287
company_1,2021-03-31,64.6,65.2,64.4,64.7,67950.0,4.5,62.74,75.7023
company_1,2021-04-01,64.6,65.5,64.6,64.9,96260.0,4.5,64.86,75.6373
company_1,2021-04-02,64.9,65.4,64.7,65.3,65220.0,4.5,62.15,75.8073
company_1,2021-04-05,65.4,65.4,64.8,65.4,61600.0,4.5,62.15,76.6052
company_1,2021-04-06,65.3,65.4,64.9,65.1,44660.0,4.5,62.74,76.6052
company_1,2021-04-07,64.8,65.3,64.5,65.0,46850.0,4.5,63.16,76.3802
company_1,2021-04-08,65.3,68.9,64.7,67.1,256530.0,4.5,63.2,77.773
company_1,2021-04-09,66.8,67.3,64.3,65.3,121840.0,4.5,62.95,77.1011
company_1,2021-04-12,65.2,66.4,62.7,65.0,184720.0,4.5,63.28,77.5104
company_1,2021-04-13,65.2,65.4,64.9,65.2,56430.0,4.5,63.67,77.5104
company_1,2021-04-14,65.6,65.6,65.1,65.3,56430.0,4.5,66.58,77.2535
company_1,2021-04-15,65.8,67.9,65.3,65.8,213440.0,4.5,66.94,75.6826
company_1,2021-04-16,66.0,66.5,65.6,66.0,60440.0,4.5,66.77,76.9808
company_1,2021-04-19,67.1,74.3,66.1,69.9,974590.0,4.5,67.05,76.2491
company_1,2021-04-20,70.5,72.0,67.7,68.2,239870.0,4.5,66.57,76.2491
company_1,2021-04-21,68.0,72.0,67.1,69.7,222420.0,4.5,65.32,76.0155
company_1,2021-04-22,70.0,71.1,69.4,70.1,103520.0,4.5,65.4,76.8198
company_1,2021-04-23,70.6,70.6,68.9,70.4,86760.0,4.5,66.11,76.4217
company_1,2021-04-26,70.4,71.0,69.3,69.7,110560.0,5.0,65.65,74.768
company_1,2021-04-27,69.9,71.7,69.6,70.4,121310.0,5.0,66.42,74.768
company_1,2021-04-28,71.4,72.3,69.6,69.9,156460.0,5.0,67.27,74.9578
company_1,2021-04-29,70.4,72.0,70.0,70.7,105530.0,5.0,68.56,74.939
company_1,2021-04-30,70.7,71.5,69.3,69.8,80570.0,5.0,66.76,74.3823
company_1,2021-05-04,70.1,71.5,69.5,70.8,102900.0,5.0,68.88,75.2567
company_1,2021-05-05,70.3,72.0,70.3,70.6,66340.0,5.0,68.96,75.2567
company_1,2021-05-06,70.9,71.2,70.1,70.3,52580.0,5.0,68.09,74.8617
company_1,2021-05-07,70.7,70.7,70.2,70.5,59180.0,5.0,68.28,74.577
company_1,2021-05-10,70.6,70.8,69.5,70.0,92710.0,5.0,68.32,74.1567
company_1,2021-05-11,69.6,70.4,69.1,69.5,58790.0,5.0,68.55,74.1567
company_1,2021-05-12,69.3,69.9,68.2,68.4,64310.0,5.0,69.32,74.1567
company_1,2021-05-13,68.2,69.5,67.9,68.3,95210.0,5.0,67.05,74.04
company_1,2021-05-14,68.8,69.9,68.0,68.5,78800.0,5.0,68.71,74.3566
company_1,2021-05-17,68.5,70.5,68.5,70.1,94840.0,5.0,69.46,73.8537
company_1,2021-05-18,71.1,71.9,70.3,71.5,147290.0,5.0,68.71,73.8537
company_1,2021-05-19,71.5,72.0,69.1,69.8,87060.0,5.0,66.66,73.6992
company_1,2021-05-20,70.4,70.6,69.3,69.9,56440.0,5.0,65.11,73.6778
company_1,2021-05-21,69.9,70.8,69.3,70.0,42080.0,5.0,66.44,73.6007
company_1,2021-05-24,70.1,71.0,70.0,70.5,60170.0,5.0,68.46,73.5266
company_1,2021-05-25,71.2,71.2,70.1,70.4,55690.0,5.0,68.65,73.5266
company_1,2021-05-26,70.7,70.9,70.2,70.5,61080.0,5.0,68.87,73.3963
company_1,2021-05-27,70.9,70.9,69.7,70.2,48690.0,5.0,69.46,73.4737
company_1,2021-05-28,70.4,70.4,69.6,69.9,42480.0,5.0,68.72,73.458
company_1,2021-05-31,70.3,70.6,69.7,70.3,52960.0,5.0,69.32,73.2965
company_1,2021-06-01,70.5,70.6,70.1,70.2,54240.0,5.0,70.25,73.2965
company_1,2021-06-02,70.0,71.5,69.9,70.5,76750.0,5.0,71.35,73.2411
company_1,2021-06-03,70.8,75.2,70.8,73.3,286430.0,5.0,71.31,73.4979
company_1,2021-06-04,73.4,75.0,72.5,73.6,159350.0,5.0,71.89,73.2636
company_1,2021-06-07,74.8,77.0,73.7,76.9,250250.0,5.0,71.49,72.9294
company_1,2021-06-08,77.2,77.7,73.8,76.0,179930.0,5.0,72.22,72.9294
company_1,2021-06-09,74.5,76.3,73.3,75.0,130220.0,5.0,72.06,72.8256
company_1,2021-06-10,75.2,76.9,74.1,74.7,107760.0,5.0,72.52,72.0829
company_1,2021-06-11,74.8,76.3,74.2,75.6,99130.0,5.0,72.69,72.1974
company_1,2021-06-14,75.0,77.0,74.7,77.0,117350.0,5.0,72.86,71.8318
company_1,2021-06-15,76.5,77.0,75.2,75.4,119790.0,5.5,73.99,71.8318
company_1,2021-06-16,75.2,76.2,73.9,74.6,96250.0,5.5,74.39,71.8318
company_1,2021-06-17,74.6,75.5,73.1,74.3,66570.0,5.5,73.08,72.0323
company_1,2021-06-18,75.2,75.6,73.1,73.3,49400.0,5.5,73.51,72.5048
company_1,2021-06-21,73.3,75.6,73.1,74.7,153820.0,5.5,74.9,73.1987
company_1,2021-06-22,76.9,76.9,73.9,74.2,65840.0,5.5,74.81,73.1987
company_1,2021-06-23,75.1,75.1,73.5,73.7,45260.0,5.5,75.19,73.1661
company_1,2021-06-24,74.3,74.7,73.5,74.1,63000.0,5.5,75.56,72.6671
company_1,2021-06-25,74.7,74.7,73.0,73.3,57200.0,5.5,76.18,72.326
company_1,2021-06-28,73.4,74.5,72.0,72.0,72490.0,5.5,74.68,72.1777
company_1,2021-06-29,71.9,73.3,71.2,72.1,50780.0,5.5,74.76,72.1777
company_1,2021-06-30,72.1,72.9,71.6,71.7,41870.0,5.5,74.62,72.3723
company_1,2021-07-01,71.8,72.4,71.7,72.0,39170.0,5.5,75.84,72.7234
company_1,2021-07-02,72.0,73.9,71.3,73.3,60940.0,5.5,76.17,72.9086
company_1,2021-07-05,74.2,74.2,71.6,72.4,181050.0,5.5,77.16,73.354
company_1,2021-07-06,73.3,73.7,72.3,72.3,61430.0,5.5,74.53,73.354
company_1,2021-07-07,72.4,74.0,72.2,72.7,61960.0,5.5,73.43,73.266
company_1,2021-07-08,73.2,73.4,71.7,73.2,67010.0,5.5,74.12,74.058
company_1,2021-07-09,73.3,74.2,72.7,74.0,53040.0,5.5,75.55,75.1952
company_1,2021-07-12,72.8,76.6,72.6,74.8,126010.0,5.5,75.16,74.6336
company_1,2021-07-13,75.4,76.8,73.6,75.9,99720.0,5.5,76.49,74.6336
company_1,2021-07-14,75.8,76.2,73.3,73.9,56530.0,5.5,74.76,74.0589
company_1,2021-07-15,73.4,73.9,71.2,72.0,104270.0,5.5,73.47,74.1236
company_1,2021-07-16,72.0,76.9,71.8,73.6,199330.0,5.5,73.59,74.2197
company_1,2021-07-19,73.7,75.5,71.6,71.8,123170.0,5.5,68.62,74.3463
company_1,2021-07-20,72.5,72.7,71.8,72.2,36910.0,5.5,69.35,74.3463
company_1,2021-07-21,72.5,73.0,71.7,72.4,51830.0,5.5,72.23,74.491
company_1,2021-07-22,72.2,73.3,72.2,72.3,38110.0,5.5,73.79,74.4947
company_1,2021-07-23,72.6,73.6,72.3,72.6,29960.0,5.5,74.1,73.6945
company_1,2021-07-26,72.6,73.0,72.0,72.4,33700.0,6.5,74.5,74.098
company_1,2021-07-27,73.0,73.4,72.4,72.5,54860.0,6.5,74.48,74.098
company_1,2021-07-28,73.3,73.3,72.2,72.4,48350.0,6.5,74.74,73.8471
company_1,2021-07-29,73.2,73.2,72.2,72.3,26190.0,6.5,76.05,73.6088
company_1,2021-07-30,72.6,72.7,72.0,72.2,27230.0,6.5,75.41,73.1904
company_1,2021-08-02,72.4,73.0,72.2,72.6,38870.0,6.5,72.89,73.0156
company_1,2021-08-03,72.6,72.7,72.0,72.5,37740.0,6.5,72.41,73.0156
company_1,2021-08-04,72.5,72.9,72.2,72.8,53310.0,6.5,70.38,72.8724
company_1,2021-08-05,72.7,73.8,72.5,72.9,52150.0,6.5,71.29,72.7857
company_1,2021-08-06,73.3,73.6,72.6,73.4,70210.0,6.5,70.7,73.168
company_1,2021-08-09,73.3,76.0,72.8,75.1,92380.0,6.5,69.04,73.5078
company_1,2021-08-10,73.8,75.3,73.8,74.8,66650.0,6.5,70.63,73.5078
company_1,2021-08-11,74.7,76.0,74.0,75.0,61130.0,6.5,71.44,73.5962
company_1,2021-08-12,75.1,76.0,74.5,75.2,34820.0,6.5,71.31,73.9695
company_1,2021-08-13,75.6,76.4,75.2,75.7,45980.0,6.5,70.59,73.5671
company_1,2021-08-16,76.0,76.7,76.0,76.4,62390.0,6.5,69.51,73.392
company_1,2021-08-17,76.9,77.7,76.0,76.0,94880.0,6.5,69.03,73.392
company_1,2021-08-18,77.1,77.5,75.2,76.5,51450.0,6.5,68.23,73.4753
company_1,2021-08-19,77.0,77.0,72.2,74.5,112030.0,6.5,66.45,73.4633
company_1,2021-08-20,74.5,74.7,73.1,73.8,47840.0,6.5,65.18,74.1503
company_1,2021-08-23,74.0,76.3,74.0,75.8,67090.0,6.5,68.75,74.0666
company_1,2021-08-24,75.3,76.2,75.0,75.6,46690.0,6.5,71.05,74.0666
company_1,2021-08-25,76.0,76.0,75.0,75.4,28430.0,6.5,72.25,73.9465
company_1,2021-08-26,75.5,76.2,75.0,75.2,57780.0,6.5,71.07,73.7428
company_1,2021-08-27,75.5,83.7,75.2,81.0,593220.0,6.5,72.7,73.9908
company_1,2021-08-30,82.0,97.2,81.4,94.4,1364860.0,6.5,73.41,73.5744
company_1,2021-08-31,95.7,132.1,95.1,117.0,5535900.0,6.5,71.63,73.5744
company_1,2021-09-01,118.8,137.7,105.9,109.6,3348980.0,6.5,71.59,73.2781
company_1,2021-09-02,109.7,111.5,102.1,106.6,785910.0,6.5,73.03,73.1912
company_1,2021-09-03,106.1,119.8,105.1,113.5,1522860.0,6.5,72.61,72.8491
company_1,2021-09-06,114.7,115.6,106.2,111.0,466910.0,6.5,72.22,72.9538
company_1,2021-09-07,112.9,112.9,106.6,107.1,293680.0,6.5,71.69,72.9538
company_1,2021-09-08,106.7,109.1,104.5,106.4,264790.0,6.5,72.6,73.1909
company_1,2021-09-09,106.7,106.8,103.5,104.3,135510.0,6.5,71.45,73.4421
company_1,2021-09-10,105.3,114.4,104.4,106.5,1160210.0,6.5,72.92,73.129
company_1,2021-09-13,106.6,115.0,106.1,110.0,617220.0,6.75,73.51,73.0841
company_1,2021-09-14,112.0,117.6,110.0,111.2,393300.0,6.75,73.6,73.0841
company_1,2021-09-15,111.5,112.3,106.1,107.5,250980.0,6.75,75.46,72.7171
company_1,2021-09-16,107.5,109.0,107.0,107.5,126210.0,6.75,75.67,72.852
company_1,2021-09-17,108.8,110.0,106.3,106.5,151150.0,6.75,75.34,72.4329
company_1,2021-09-20,108.4,108.4,99.3,101.9,279680.0,6.75,73.92,73.3315
company_1,2021-09-21,102.0,103.7,97.8,100.5,164550.0,6.75,74.36,73.3315
company_1,2021-09-22,101.0,105.1,100.3,102.9,151080.0,6.75,76.19,73.2067
company_1,2021-09-23,105.0,113.3,104.3,107.9,548200.0,6.75,77.25,72.8806
company_1,2021-09-24,108.2,109.9,105.0,106.1,143490.0,6.75,78.09,72.7245
company_1,2021-09-27,107.1,107.1,102.0,104.3,177210.0,6.75,79.53,72.6613
company_1,2021-09-28,105.3,107.4,103.7,106.2,174600.0,6.75,79.09,72.6613
company_1,2021-09-29,106.2,106.6,103.9,104.5,94160.0,6.75,78.64,72.5083
company_1,2021-09-30,104.6,106.8,104.1,104.4,69430.0,6.75,78.31,72.7608
company_1,2021-10-01,104.7,104.7,100.0,102.7,120310.0,6.75,79.28,72.6642
company_1,2021-10-04,104.5,105.0,101.3,102.4,137680.0,6.75,81.26,72.9239
company_1,2021-10-05,102.7,102.8,96.6,100.0,249550.0,6.75,82.56,72.9239
company_1,2021-10-06,101.0,101.4,96.6,99.5,195330.0,6.75,81.08,72.5686
company_1,2021-10-07,101.1,101.1,97.6,100.6,121500.0,6.75,81.95,72.5682
company_1,2021-10-08,101.3,102.7,99.0,100.0,222780.0,6.75,82.39,72.2854
company_1,2021-10-11,102.7,103.7,100.5,102.4,154640.0,6.75,83.65,71.6373
company_1,2021-10-12,103.2,103.2,98.8,101.7,59440.0,6.75,83.42,71.6373
company_1,2021-10-13,102.0,102.5,100.7,101.2,92090.0,6.75,83.18,71.8801
company_1,2021-10-14,102.1,102.1,100.1,100.9,82750.0,6.75,84.0,71.8577
company_1,2021-10-15,100.9,119.0,100.5,113.3,1651230.0,6.75,84.86,71.7846
company_1,2021-10-18,116.8,130.0,115.5,127.5,3274120.0,6.75,84.33,71.1714
company_1,2021-10-19,129.1,135.0,120.0,122.8,1112880.0,6.75,85.08,71.1714
company_1,2021-10-20,124.7,125.2,120.0,121.0,298330.0,6.75,85.82,70.9674
company_1,2021-10-21,122.0,122.2,113.4,114.5,520500.0,6.75,84.61,71.0555
company_1,2021-10-22,115.0,128.5,114.0,121.6,834130.0,6.75,85.53,70.9904
company_1,2021-10-25,121.8,124.3,116.5,118.0,204590.0,7.5,85.99,70.1345
company_1,2021-10-26,118.0,124.8,117.6,121.4,526830.0,7.5,86.4,70.1345
company_1,2021-10-27,122.6,123.5,120.0,121.9,164050.0,7.5,84.58,69.5526
company_1,2021-10-28,121.4,122.5,117.1,118.5,109500.0,7.5,84.32,69.8104
company_1,2021-10-29,119.6,122.9,116.2,116.5,245220.0,7.5,83.72,70.5207
company_1,2021-11-01,116.6,121.0,116.6,119.4,200460.0,7.5,84.71,71.0863
company_1,2021-11-02,120.2,121.6,118.4,118.9,109190.0,7.5,84.72,71.0863
company_1,2021-11-03,118.9,120.1,117.8,118.6,76010.0,7.5,81.99,71.4783
company_1,2021-11-05,118.6,120.0,115.1,117.9,80300.0,7.5,82.74,71.3975
company_1,2021-11-08,119.5,126.9,118.0,121.0,439050.0,7.5,83.43,71.3975
company_1,2021-11-09,121.5,121.5,119.3,120.1,85640.0,7.5,84.78,71.3975
company_1,2021-11-10,120.9,127.0,120.0,125.7,633470.0,7.5,82.64,71.2866
company_1,2021-11-11,127.3,130.0,120.0,123.0,740310.0,7.5,82.87,70.695
company_1,2021-11-12,125.8,128.0,121.7,122.9,200470.0,7.5,82.17,71.1964
company_1,2021-11-15,123.7,125.2,122.4,122.5,123300.0,7.5,82.05,72.2724
company_1,2021-11-16,123.3,123.5,120.7,120.7,86840.0,7.5,82.43,72.2724
company_1,2021-11-17,120.9,121.4,120.0,120.7,69190.0,7.5,80.28,72.5553
company_1,2021-11-18,120.8,126.0,117.5,119.6,446100.0,7.5,81.24,72.8228
company_1,2021-11-19,120.8,124.5,116.0,117.6,234190.0,7.5,78.89,72.6022
company_1,2021-11-22,117.7,121.2,100.6,112.6,393930.0,7.5,79.7,73.4506
company_1,2021-11-23,113.6,117.8,110.0,116.5,192540.0,7.5,82.31,73.4506
company_1,2021-11-24,117.1,120.0,114.4,116.0,147370.0,7.5,82.25,74.8327
company_1,2021-11-25,115.8,118.0,113.9,114.8,114140.0,7.5,82.22,74.3726
company_1,2021-11-26,113.9,114.0,107.5,110.4,319630.0,7.5,72.72,74.6004
company_1,2021-11-29,113.1,114.3,109.9,110.8,197340.0,7.5,73.44,74.9818
company_1,2021-11-30,110.4,112.4,108.0,108.7,208290.0,7.5,69.23,74.9818
company_1,2021-12-01,108.7,111.1,104.1,108.0,210780.0,7.5,68.87,74.8926
company_1,2021-12-02,107.6,108.3,103.6,107.4,176840.0,7.5,69.67,73.9746
company_1,2021-12-03,108.3,109.3,106.1,107.0,94060.0,7.5,69.88,74.0637
company_1,2021-12-06,108.3,108.3,100.1,101.1,179290.0,7.5,73.08,73.6694
company_1,2021-12-07,103.1,108.0,102.2,106.0,174890.0,7.5,75.44,73.6694
company_1,2021-12-08,108.0,111.1,104.2,105.1,246730.0,7.5,75.82,74.1399
company_1,2021-12-09,106.5,106.5,103.6,104.9,47250.0,7.5,74.42,73.8453
company_1,2021-12-10,105.1,109.8,102.1,103.8,162260.0,7.5,75.15,73.5998
company_1,2021-12-13,104.0,105.0,100.3,100.9,78910.0,7.5,74.39,73.4107
company_1,2021-12-14,99.9,102.2,98.8,100.6,136280.0,7.5,73.7,73.4107
company_1,2021-12-15,102.7,104.3,101.2,103.0,98700.0,7.5,73.88,73.4698
company_1,2021-12-16,103.8,107.0,103.8,106.0,86210.0,7.5,75.02,73.851
company_1,2021-12-17,105.9,106.7,104.8,106.4,65880.0,7.5,73.52,73.5708
company_1,2021-12-20,107.2,108.9,102.5,105.2,113060.0,8.5,71.52,74.2947
company_1,2021-12-21,105.6,107.0,104.0,105.6,57470.0,8.5,73.98,74.2947
company_1,2021-12-22,106.9,108.0,105.4,107.4,100360.0,8.5,75.29,73.8206
company_1,2021-12-23,107.4,108.8,103.3,106.3,81780.0,8.5,76.85,73.7901
company_1,2021-12-24,108.1,108.1,102.9,106.0,53390.0,8.5,76.14,73.3583
company_1,2021-12-27,107.1,107.1,103.9,105.0,106900.0,8.5,78.6,73.2329
company_1,2021-12-28,106.1,106.6,104.2,104.6,102600.0,8.5,78.94,73.2329
company_1,2021-12-29,104.6,105.6,103.6,104.7,66800.0,8.5,79.23,73.4959
company_1,2021-12-30,105.3,105.7,104.0,105.0,52190.0,8.5,79.53,73.6514
company_1,2022-01-03,105.1,114.0,105.1,110.8,144970.0,8.5,78.98,75.1315
company_1,2022-01-04,112.3,113.8,109.7,110.9,97000.0,8.5,80.0,75.1315
company_1,2022-01-05,111.7,112.2,109.9,110.0,63980.0,8.5,80.8,75.1315
company_1,2022-01-06,110.0,110.0,106.1,107.2,64410.0,8.5,81.99,75.1315
company_1,2022-01-10,108.8,118.5,107.8,112.4,618590.0,8.5,80.87,75.1315
company_1,2022-01-11,113.8,116.9,110.9,113.3,206510.0,8.5,83.92,75.1315
company_1,2022-01-12,113.8,116.1,113.0,114.1,116330.0,8.5,84.67,74.8355
company_1,2022-01-13,114.8,115.5,110.2,110.5,158480.0,8.5,84.47,74.5277
company_1,2022-01-14,113.6,113.6,105.1,107.1,193470.0,8.5,86.06,74.5686
company_1,2022-01-17,108.0,110.0,106.1,110.0,147270.0,8.5,86.48,76.0404
company_1,2022-01-18,110.5,111.1,102.0,103.8,158750.0,8.5,87.51,76.0404
company_1,2022-01-19,103.4,109.0,101.3,106.0,183010.0,8.5,88.44,76.3347
company_1,2022-01-20,107.2,108.0,105.6,107.4,86450.0,8.5,88.38,76.8697
company_1,2022-01-21,107.5,107.5,105.6,106.3,53230.0,8.5,87.89,76.4408
company_1,2022-01-24,106.8,106.8,97.2,101.1,180740.0,8.5,86.27,77.3649
company_1,2022-01-25,101.6,103.5,98.7,100.8,77250.0,8.5,88.2,77.3649
company_1,2022-01-26,100.8,104.4,100.6,103.4,87680.0,8.5,89.96,78.6422
company_1,2022-01-27,103.4,105.3,102.8,104.2,72730.0,8.5,89.34,78.9437
company_1,2022-01-28,105.4,107.0,104.7,105.8,78460.0,8.5,90.03,78.947
company_1,2022-01-31,106.8,107.4,105.9,106.4,60780.0,8.5,89.26,77.4702
company_1,2022-02-01,106.3,106.7,104.5,105.4,71780.0,8.5,89.16,77.4702
company_1,2022-02-02,105.5,105.8,103.4,103.7,47060.0,8.5,89.47,77.1302
company_1,2022-02-03,103.1,104.0,100.9,102.8,48130.0,8.5,91.11,76.4849
company_1,2022-02-04,103.3,105.3,103.0,103.6,74200.0,8.5,93.27,76.6501
company_1,2022-02-07,104.1,104.8,102.5,102.7,52620.0,8.5,92.69,75.6806
company_1,2022-02-08,103.1,106.4,103.1,103.7,157640.0,8.5,90.78,75.6806
company_1,2022-02-09,104.3,104.6,103.5,104.2,84490.0,8.5,91.55,75.3042
company_1,2022-02-10,104.0,109.8,103.6,108.2,285010.0,8.5,91.41,74.8015
company_1,2022-02-11,108.2,110.0,104.3,106.1,81930.0,8.5,94.44,74.7241
company_1,2022-02-14,105.7,105.7,102.6,104.2,81900.0,9.5,96.48,76.5762
company_1,2022-02-15,104.3,110.5,104.3,106.4,247930.0,9.5,93.28,76.5762
company_1,2022-02-16,106.9,108.9,106.6,107.2,95670.0,9.5,94.81,76.166
company_1,2022-02-17,106.1,107.3,104.9,104.9,39040.0,9.5,92.97,75.0141
company_1,2022-02-18,106.3,106.3,102.4,104.7,47850.0,9.5,93.61,75.7527
company_1,2022-02-21,104.9,107.0,86.2,93.3,248000.0,9.5,95.39,76.7671
company_1,2022-02-22,91.5,93.5,75.0,91.9,349210.0,9.5,96.84,76.7671
company_1,2022-02-24,80.4,85.5,56.8,72.9,317300.0,9.5,99.08,86.9288
company_1,2022-02-25,74.6,91.9,73.3,81.5,180850.0,9.5,97.93,86.9288
company_1,2022-03-28,81.0,103.0,75.2,101.5,674350.0,20.0,112.48,93.7125
company_1,2022-03-29,104.5,129.7,102.2,117.9,799720.0,20.0,110.23,93.7125
company_1,2022-03-30,122.2,129.0,102.2,111.3,444050.0,20.0,113.45,86.2843
company_1,2022-03-31,111.3,111.7,106.0,108.4,358370.0,20.0,107.91,84.0851
company_1,2022-04-01,108.5,108.9,104.0,105.9,299670.0,20.0,104.39,83.4097
company_1,2022-04-04,106.9,107.9,103.5,104.4,177470.0,20.0,107.53,83.5932
company_1,2022-04-05,105.9,105.9,97.5,100.6,186030.0,20.0,106.64,83.5932
company_1,2022-04-06,100.0,104.8,96.8,100.2,176830.0,20.0,101.07,83.352
company_1,2022-04-07,101.5,106.0,100.2,101.0,186160.0,20.0,100.58,82.5962
company_1,2022-04-08,102.9,103.4,100.0,101.3,72290.0,20.0,102.78,76.2547
company_1,2022-04-11,103.8,103.9,101.5,101.5,87090.0,17.0,98.48,79.1596
company_1,2022-04-12,103.7,103.8,97.1,102.8,206530.0,17.0,104.64,79.1596
company_1,2022-04-13,102.8,103.8,100.1,102.9,113070.0,17.0,108.78,79.6274
company_1,2022-04-14,102.9,103.9,100.0,100.3,112560.0,17.0,111.7,79.8471
company_1,2022-04-15,100.1,105.0,95.0,100.1,199180.0,17.0,111.6,81.288
company_1,2022-04-18,100.7,102.7,99.0,100.1,77340.0,17.0,113.16,79.4529
company_1,2022-04-19,100.4,101.0,98.1,99.5,58900.0,17.0,107.25,79.4529
company_1,2022-04-20,99.0,100.5,98.2,99.1,76280.0,17.0,106.8,79.0287
company_1,2022-04-21,98.9,107.6,98.2,103.6,510970.0,17.0,108.33,77.0809
company_1,2022-04-22,103.8,112.0,102.0,103.6,440760.0,17.0,106.65,74.999
company_1,2022-04-25,103.8,104.7,100.6,102.2,90350.0,17.0,102.32,73.3611
company_1,2022-04-26,102.6,104.0,102.3,103.0,121850.0,17.0,104.99,73.3611
company_1,2022-04-27,104.4,104.4,102.2,104.0,135380.0,17.0,105.32,72.7089
company_1,2022-04-28,104.1,107.3,101.2,102.5,195030.0,17.0,107.59,72.8764
company_1,2022-04-29,103.1,104.9,102.7,103.0,45760.0,17.0,107.14,72.2953
company_1,2022-05-04,103.1,103.8,100.7,102.7,73630.0,14.0,110.14,69.416
company_1,2022-05-05,102.7,103.8,101.0,102.3,114000.0,14.0,110.9,69.416
company_1,2022-05-06,103.6,103.6,101.3,102.1,57600.0,14.0,112.39,66.2378
company_1,2022-05-11,102.8,102.8,101.4,101.9,54280.0,14.0,107.51,68.8389
company_1,2022-05-12,102.3,102.4,101.1,101.6,28510.0,14.0,107.45,68.8389
company_1,2022-05-13,100.6,101.7,100.5,100.8,27710.0,14.0,111.55,65.7916
company_1,2022-05-16,101.3,104.5,101.0,103.7,142990.0,14.0,114.24,63.4445
company_1,2022-05-17,104.3,106.2,102.8,104.0,112650.0,14.0,111.93,63.4445
company_1,2022-05-18,104.4,110.0,101.0,103.1,290360.0,14.0,109.11,63.5428
company_1,2022-05-19,104.0,104.1,102.2,102.5,34370.0,14.0,112.04,63.5643
company_1,2022-05-20,103.3,103.3,101.6,102.0,57900.0,14.0,112.55,62.4031
company_1,2022-05-23,102.1,103.3,100.9,101.3,42800.0,14.0,113.42,58.2087
company_1,2022-05-24,101.3,102.0,100.0,100.5,62660.0,14.0,113.56,58.2087
company_1,2022-05-25,101.4,101.5,100.5,100.8,32520.0,14.0,114.03,56.969
company_1,2022-05-26,101.2,101.2,97.5,100.6,134190.0,14.0,117.4,56.2996
company_1,2022-05-27,100.6,100.7,100.0,100.3,34300.0,11.0,119.43,62.0495
company_1,2022-05-30,100.8,100.8,99.4,99.9,57020.0,11.0,121.67,63.0975
company_1,2022-05-31,99.6,99.9,99.0,99.6,30590.0,11.0,122.84,63.0975
company_1,2022-06-01,99.8,100.7,99.4,100.5,40860.0,11.0,116.29,61.6069
company_1,2022-06-02,100.7,100.9,99.4,99.6,29910.0,11.0,117.61,61.4733
company_1,2022-06-03,99.4,100.5,98.1,98.3,66670.0,11.0,119.72,61.575
company_1,2022-06-06,97.9,99.8,97.5,98.4,92240.0,11.0,119.51,61.1094
company_1,2022-06-07,98.4,99.1,95.2,98.0,74690.0,11.0,120.57,61.1094
company_1,2022-06-08,97.6,99.2,97.6,98.3,47460.0,11.0,123.58,60.9565
company_1,2022-06-09,97.6,98.8,96.5,98.4,50160.0,11.0,123.07,60.2282
company_1,2022-06-10,98.1,100.9,97.1,97.1,28990.0,11.0,122.01,58.3895
company_1,2022-06-14,99.9,99.9,96.1,96.7,40180.0,9.5,121.17,57.0926
company_1,2022-06-15,96.9,97.0,95.1,96.0,107770.0,9.5,118.51,57.0926
company_1,2022-06-16,96.1,99.4,95.1,98.0,149380.0,9.5,119.81,56.6624
company_1,2022-06-17,98.9,99.7,96.2,96.9,69450.0,9.5,113.12,56.8691
company_1,2022-06-20,97.0,97.6,95.8,96.9,60100.0,9.5,114.13,56.1727
company_1,2022-06-21,96.9,98.0,96.3,96.7,71140.0,9.5,114.65,56.1727
company_1,2022-06-22,95.9,96.0,94.7,95.8,61660.0,9.5,111.74,54.7081
company_1,2022-06-23,98.8,98.8,94.5,94.7,100820.0,9.5,110.05,53.2788
company_1,2022-06-24,95.6,95.6,94.1,94.2,62950.0,9.5,113.12,53.3578
company_1,2022-06-27,94.2,95.0,94.0,94.7,68990.0,9.5,115.09,53.3641
company_1,2022-06-28,94.9,96.1,94.3,94.6,78280.0,9.5,117.98,53.3641
company_1,2022-06-29,94.5,94.5,92.2,92.9,76310.0,9.5,116.26,52.9699
company_1,2022-06-30,92.4,93.6,88.2,88.8,109060.0,9.5,114.81,51.158
company_1,2022-07-01,89.3,90.8,85.2,89.3,87970.0,9.5,111.63,52.5123
company_1,2022-07-04,90.1,94.0,89.3,91.9,126580.0,9.5,113.5,55.0858
company_1,2022-07-05,92.4,94.9,86.0,89.2,215790.0,9.5,102.77,55.0858
company_1,2022-07-06,89.5,92.5,89.2,92.0,109490.0,9.5,100.69,58.5118
company_1,2022-07-07,92.9,94.5,89.0,90.9,159350.0,9.5,104.65,62.911
company_1,2022-07-08,91.0,92.0,90.2,90.5,41990.0,9.5,107.02,63.1427
company_1,2022-07-11,90.5,91.2,89.3,89.8,47190.0,9.5,107.1,61.3045
company_1,2022-07-12,90.4,90.4,87.6,88.2,38300.0,9.5,99.49,61.3045
company_1,2022-07-13,88.5,89.8,85.5,86.5,74940.0,9.5,99.57,58.8541
company_1,2022-07-14,85.5,88.1,84.7,86.1,47820.0,9.5,99.1,58.5322
company_1,2022-07-15,86.4,89.0,82.9,85.5,214220.0,9.5,101.16,58.2568
company_1,2022-07-18,86.0,86.6,84.3,85.9,77990.0,9.5,106.27,56.5616
company_1,2022-07-19,85.1,86.5,80.8,83.0,90110.0,9.5,107.35,56.5616
company_1,2022-07-20,83.3,83.5,80.0,80.8,163600.0,9.5,106.92,55.437
company_1,2022-07-21,80.9,81.0,78.1,79.8,84350.0,9.5,103.86,54.8491
company_1,2022-07-22,80.4,81.8,79.9,81.2,46160.0,9.5,103.2,56.4783
company_1,2022-07-25,81.7,82.7,81.0,81.5,78890.0,8.0,105.15,57.7821
company_1,2022-07-26,81.7,83.9,81.5,82.7,70490.0,8.0,104.4,57.7821
company_1,2022-07-27,83.1,87.6,81.9,86.0,149780.0,8.0,106.62,58.6605
company_1,2022-07-28,86.8,87.5,83.0,85.5,116190.0,8.0,107.14,60.2198
company_1,2022-07-29,86.0,87.1,84.0,86.7,63900.0,8.0,103.97,60.2031
company_1,2022-08-01,86.7,101.9,86.5,94.8,1346420.0,8.0,100.03,62.0506
company_1,2022-08-02,96.9,99.0,92.5,92.5,495540.0,8.0,100.54,62.0506
company_1,2022-08-03,92.9,95.2,86.5,91.1,440640.0,8.0,96.78,60.1595
company_1,2022-08-04,89.2,91.7,86.6,87.2,316080.0,8.0,94.12,60.2374
company_1,2022-08-05,87.6,89.9,81.0,81.9,338410.0,8.0,94.92,60.258
company_1,2022-08-08,83.3,94.4,83.1,87.0,748550.0,8.0,96.65,60.3164
company_1,2022-08-09,88.4,93.3,87.2,91.3,402000.0,8.0,96.31,60.3164
company_1,2022-08-10,91.3,92.5,89.1,89.6,169580.0,8.0,97.4,60.3814
company_1,2022-08-11,90.6,90.7,87.4,89.3,125160.0,8.0,99.6,60.4542
company_1,2022-08-12,90.1,96.7,87.0,90.6,1059130.0,8.0,98.15,60.6229
company_1,2022-08-15,90.9,93.5,90.6,92.4,159540.0,8.0,95.1,61.3747
company_1,2022-08-16,92.6,92.8,90.4,92.2,123110.0,8.0,92.34,61.3747
company_1,2022-08-17,92.2,92.6,91.4,91.5,69660.0,8.0,93.65,61.4247
company_1,2022-08-18,91.5,92.1,90.0,90.6,81930.0,8.0,96.59,60.7552
company_1,2022-08-19,90.9,91.1,89.4,90.1,73630.0,8.0,96.72,59.957
company_1,2022-08-22,90.1,90.6,87.5,89.9,94460.0,8.0,96.48,59.7419
company_1,2022-08-23,91.1,94.9,90.2,92.0,516490.0,8.0,100.22,59.7419
company_1,2022-08-24,92.0,92.1,90.4,90.8,91330.0,8.0,101.22,59.8963
company_1,2022-08-25,90.9,91.9,89.9,90.5,151890.0,8.0,99.34,59.9974
company_1,2022-08-26,90.6,90.8,89.6,90.1,126410.0,8.0,100.99,59.7699
company_1,2022-08-29,90.1,94.2,89.9,90.9,315170.0,8.0,105.09,60.3636
company_1,2022-08-30,91.5,92.4,90.5,90.5,103010.0,8.0,99.31,60.3636
company_1,2022-08-31,90.1,91.6,89.4,91.1,165320.0,8.0,95.64,60.3677
company_1,2022-09-01,91.0,91.1,89.8,90.4,252800.0,8.0,92.36,60.2386
company_1,2022-09-02,90.4,90.9,90.1,90.4,190910.0,8.0,93.02,60.237
company_1,2022-09-05,90.6,91.0,89.9,90.8,253360.0,8.0,95.74,60.9033
company_1,2022-09-06,91.2,92.8,90.1,91.0,543320.0,8.0,92.83,60.9033
company_1,2022-09-07,91.7,92.5,90.2,91.7,583230.0,8.0,88.0,60.8544
company_1,2022-09-08,91.9,93.9,91.1,92.4,611760.0,8.0,89.15,61.1814
company_1,2022-09-09,92.2,93.6,92.0,92.2,222110.0,8.0,92.84,60.801
company_1,2022-09-12,92.6,93.4,90.2,92.4,267270.0,8.0,94.0,60.4568
company_1,2022-09-13,92.4,93.0,90.5,91.1,240720.0,8.0,93.17,60.4568
company_1,2022-09-14,91.1,91.4,90.1,90.5,128770.0,8.0,94.1,60.0676
company_1,2022-09-15,90.2,96.6,90.1,95.3,940430.0,8.0,90.84,59.7751
company_1,2022-09-16,95.5,96.1,92.5,93.8,448110.0,8.0,91.35,59.6663
company_1,2022-09-19,93.8,94.0,92.3,92.3,189490.0,7.5,92.0,60.1662
company_1,2022-09-20,92.4,94.1,80.0,84.5,840830.0,7.5,90.62,60.1662
company_1,2022-09-21,77.9,88.3,71.0,85.8,655060.0,7.5,89.83,60.0158
company_1,2022-09-22,86.0,87.9,85.0,85.5,294570.0,7.5,90.46,60.8685
company_1,2022-09-23,86.3,86.9,79.4,82.7,265180.0,7.5,86.15,59.8318
company_1,2022-09-26,82.7,83.8,72.1,77.9,252530.0,7.5,84.06,57.999
company_1,2022-09-27,77.9,80.1,75.4,77.9,162350.0,7.5,86.27,57.999
company_1,2022-09-28,78.7,81.8,77.0,77.4,110870.0,7.5,89.32,58.1756
company_1,2022-09-29,78.1,78.7,73.1,74.3,96740.0,7.5,88.49,58.4485
company_1,2022-09-30,75.9,77.9,73.0,76.9,138800.0,7.5,85.14,57.413
company_1,2022-10-03,81.0,81.0,77.3,79.8,98730.0,7.5,88.86,57.5664
company_1,2022-10-04,80.9,81.0,79.0,79.0,83720.0,7.5,91.8,57.5664
company_1,2022-10-05,79.1,79.5,77.0,78.6,104010.0,7.5,93.37,58.7913
company_1,2022-10-06,79.0,79.5,77.3,78.1,42750.0,7.5,94.42,59.4043
company_1,2022-10-07,78.8,78.8,76.9,76.9,52650.0,7.5,97.92,60.2534
company_1,2022-10-10,76.1,78.4,73.0,77.1,94760.0,7.5,96.19,62.3126
company_1,2022-10-11,78.1,89.6,77.4,84.8,1660260.0,7.5,94.29,62.3126
company_1,2022-10-12,85.0,87.0,82.0,84.5,386110.0,7.5,92.45,63.684
company_1,2022-10-13,84.4,86.0,83.1,84.0,218980.0,7.5,94.57,63.7559
company_1,2022-10-14,84.1,85.5,83.2,83.4,100000.0,7.5,91.63,63.4917
company_1,2022-10-17,85.3,85.9,84.0,85.2,187700.0,7.5,91.62,61.7634
company_1,2022-10-18,85.4,86.8,85.3,85.8,214450.0,7.5,90.03,61.7634
company_1,2022-10-19,85.1,85.6,82.1,84.3,122700.0,7.5,92.41,61.7032
company_1,2022-10-20,85.1,91.0,84.3,87.5,954180.0,7.5,92.38,61.5905
company_1,2022-10-21,88.5,90.8,86.3,86.5,372430.0,7.5,93.5,61.5018
company_1,2022-10-24,87.0,88.0,86.6,87.2,113250.0,7.5,93.26,61.1629
company_1,2022-10-25,87.2,90.9,87.2,89.0,563130.0,7.5,93.52,61.1629
company_1,2022-10-26,89.3,89.7,87.1,88.3,188490.0,7.5,95.69,61.3326
company_1,2022-10-27,89.5,90.4,88.1,89.5,399670.0,7.5,96.96,61.4277
company_1,2022-10-28,89.5,89.9,87.3,88.2,166920.0,7.5,95.77,61.3589
company_1,2022-10-31,88.8,89.6,87.5,88.1,127090.0,7.5,92.81,61.6229
company_1,2022-11-01,88.5,89.4,88.0,88.5,87110.0,7.5,94.65,61.6229
company_1,2022-11-02,88.5,88.9,87.7,87.9,112420.0,7.5,96.16,61.4275
company_1,2022-11-03,87.2,87.5,85.4,86.8,122390.0,7.5,94.67,61.6175
company_1,2022-11-07,87.2,90.2,87.1,88.6,145620.0,7.5,97.92,61.2367
company_1,2022-11-08,89.7,89.9,87.4,89.0,134910.0,7.5,95.36,61.2367
company_1,2022-11-09,89.0,89.6,86.2,86.6,206000.0,7.5,92.65,60.9774
company_1,2022-11-10,86.6,88.3,86.5,87.2,94290.0,7.5,93.67,61.0611
company_1,2022-11-11,87.4,88.4,86.6,86.9,137300.0,7.5,95.99,61.2434
company_1,2022-11-14,86.9,88.0,86.1,86.3,257990.0,7.5,93.14,60.3982
company_1,2022-11-15,86.8,86.8,85.7,86.3,94470.0,7.5,93.86,60.3982
company_1,2022-11-16,86.1,87.0,85.9,86.1,140560.0,7.5,92.86,60.3116
company_1,2022-11-17,86.0,86.5,85.0,85.5,62210.0,7.5,89.78,60.3484
company_1,2022-11-18,85.7,87.2,85.0,85.4,97320.0,7.5,87.62,60.3894
company_1,2022-11-21,85.4,85.6,83.2,83.8,79200.0,7.5,87.45,60.7379
company_1,2022-11-22,84.0,84.7,83.8,84.3,48610.0,7.5,88.36,60.7379
company_1,2022-11-23,84.8,85.5,84.5,84.9,78870.0,7.5,85.41,60.6566
company_1,2022-11-24,85.3,90.8,85.3,87.5,1054200.0,7.5,85.34,60.5043
company_1,2022-11-25,88.1,88.9,85.1,85.5,292370.0,7.5,83.63,60.3866
company_1,2022-11-28,85.6,88.2,85.1,85.4,297210.0,7.5,83.19,60.752
company_1,2022-11-29,86.0,86.2,84.4,84.6,229430.0,7.5,83.03,60.752
company_1,2022-11-30,85.1,85.3,84.5,84.6,147020.0,7.5,86.97,61.0742
company_1,2022-12-01,85.1,86.3,84.4,85.3,340170.0,7.5,86.88,60.8803
company_1,2022-12-02,85.4,85.5,84.0,84.5,135720.0,7.5,85.57,61.1479
company_1,2022-12-05,84.6,85.5,83.6,84.5,406570.0,7.5,82.68,62.1849
company_1,2022-12-06,84.1,84.7,83.7,84.0,131310.0,7.5,79.35,62.1849
company_1,2022-12-07,84.0,84.0,83.0,83.6,120980.0,7.5,77.17,62.9103
company_1,2022-12-08,83.8,84.0,83.4,83.7,58990.0,7.5,76.15,62.9372
company_1,2022-12-09,83.8,83.8,82.3,82.8,73400.0,7.5,76.1,62.5722
company_1,2022-12-12,83.0,83.3,81.5,82.3,103130.0,7.5,77.99,62.7674
company_1,2022-12-13,82.3,82.4,81.5,82.3,103410.0,7.5,80.68,62.7674
company_1,2022-12-14,82.1,83.0,81.5,82.0,92320.0,7.5,82.7,63.212
company_1,2022-12-15,82.2,82.2,80.4,80.6,104980.0,7.5,81.21,63.359
company_1,2022-12-16,80.6,82.0,80.4,81.6,82030.0,7.5,79.04,64.3015
company_1,2022-12-19,81.7,82.0,79.5,80.2,171150.0,7.5,79.8,66.3474
company_1,2022-12-20,80.1,85.0,79.3,81.2,289910.0,7.5,79.99,66.3474
company_1,2022-12-21,81.3,84.9,81.2,82.4,685610.0,7.5,82.2,69.0037
company_1,2022-12-22,82.5,84.0,81.4,82.4,212780.0,7.5,80.98,70.5256
company_1,2022-12-23,85.9,91.6,83.3,83.3,3251360.0,7.5,83.92,72.1306
company_1,2022-12-26,84.1,85.4,83.3,83.9,257080.0,7.5,84.33,68.4487
company_1,2022-12-27,83.9,89.0,83.4,85.2,1134700.0,7.5,84.33,68.4487
company_1,2022-12-28,85.8,85.9,82.6,83.8,284860.0,7.5,83.99,69.9346
company_1,2022-12-29,84.2,84.6,83.8,84.2,107590.0,7.5,83.46,71.3261
company_1,2022-12-30,84.2,84.8,83.1,83.2,171700.0,7.5,85.91,71.9778
company_1,2023-01-03,83.7,86.4,83.4,84.9,256920.0,7.5,82.1,70.3002
company_1,2023-01-04,84.7,85.9,84.7,85.2,112630.0,7.5,77.84,70.3002
company_1,2023-01-05,85.7,86.0,84.0,84.7,143150.0,7.5,78.69,70.3002
company_1,2023-01-06,84.8,85.3,84.3,84.7,85110.0,7.5,78.57,70.3002
company_1,2023-01-09,84.7,86.1,84.6,85.2,144660.0,7.5,79.65,70.3002
company_1,2023-01-10,85.2,87.3,85.2,85.6,355630.0,7.5,80.1,70.3002
company_1,2023-01-11,85.5,86.8,84.7,86.0,210040.0,7.5,82.67,69.6094
company_1,2023-01-12,86.4,86.9,85.9,86.1,149510.0,7.5,84.03,69.0202
company_1,2023-01-13,86.2,87.1,85.7,86.2,191890.0,7.5,85.28,67.7775
company_1,2023-01-16,86.6,88.7,86.2,88.4,490570.0,7.5,84.46,68.2892
company_1,2023-01-17,88.4,88.6,86.1,87.6,365620.0,7.5,85.92,68.2892
company_1,2023-01-18,87.6,88.3,86.5,87.4,250710.0,7.5,84.98,68.6644
company_1,2023-01-19,87.4,89.9,85.4,88.6,1066790.0,7.5,86.16,68.8728
company_1,2023-01-20,89.0,89.7,87.4,87.8,239070.0,7.5,87.63,68.8467
company_1,2023-01-23,88.1,89.6,87.3,87.6,177250.0,7.5,88.19,68.6288
company_1,2023-01-24,87.9,89.7,87.4,88.5,565830.0,7.5,86.13,68.6288
company_1,2023-01-25,89.0,89.8,88.1,88.6,246810.0,7.5,86.12,68.7529
company_1,2023-01-26,88.9,91.4,88.3,90.1,811960.0,7.5,87.47,68.9573
company_1,2023-01-27,90.5,90.8,89.1,89.3,247920.0,7.5,86.66,69.1263
company_1,2023-01-30,89.7,90.1,88.6,89.5,186310.0,7.5,84.5,69.5927
company_1,2023-01-31,89.6,111.0,89.3,106.7,15588180.0,7.5,85.46,69.5927
company_1,2023-02-01,107.4,119.4,102.2,103.2,9739180.0,7.5,82.84,70.5174
company_1,2023-02-02,105.0,114.0,104.3,110.1,3058540.0,7.5,82.17,70.1217
company_1,2023-02-03,112.0,114.0,104.2,105.0,1513550.0,7.5,79.94,70.0414
company_1,2023-02-06,106.4,109.6,103.7,107.3,2068900.0,7.5,80.99,70.5991
company_1,2023-02-07,108.0,108.9,105.0,106.1,954480.0,7.5,83.69,70.5991
company_1,2023-02-08,107.0,107.4,104.1,104.9,1083860.0,7.5,85.09,70.8924
company_1,2023-02-09,105.1,105.8,101.1,102.2,892140.0,7.5,84.5,71.5763
company_1,2023-02-10,102.8,113.6,102.0,105.4,10087030.0,7.5,86.39,72.8949
company_1,2023-02-13,108.0,109.2,104.5,105.5,1467550.0,7.5,86.61,73.6307
company_1,2023-02-14,105.8,106.9,102.2,103.2,641160.0,7.5,85.58,73.6307
company_1,2023-02-15,102.6,102.6,93.0,95.7,2018720.0,7.5,85.38,73.8645
company_1,2023-02-16,99.0,105.0,96.1,100.0,2251480.0,7.5,85.14,74.2077
company_1,2023-02-17,100.3,102.3,98.2,99.5,628500.0,7.5,83.0,74.7638
company_1,2023-02-20,99.6,100.3,97.6,98.9,307600.0,7.5,84.07,74.0432
company_1,2023-02-21,98.6,107.2,98.6,102.1,3986990.0,7.5,83.05,74.0432
company_1,2023-02-22,102.4,105.5,102.1,103.1,1104780.0,7.5,80.6,74.8596
company_1,2023-02-24,104.0,104.9,102.2,103.2,450730.0,7.5,83.16,75.4323
company_1,2023-02-27,103.4,109.7,102.1,108.6,4654230.0,7.5,82.04,75.4323
company_1,2023-02-28,109.7,113.0,109.0,112.3,4088110.0,7.5,83.45,75.4323
company_1,2023-03-01,114.1,114.6,108.6,111.0,2501840.0,7.5,84.31,74.8932
company_1,2023-03-02,111.3,111.8,104.8,108.2,1316950.0,7.5,84.75,75.2513
company_1,2023-03-03,108.3,111.5,108.2,109.2,940200.0,7.5,85.83,75.4729
company_1,2023-03-06,110.2,111.0,109.6,110.2,520570.0,7.5,86.18,75.4728
company_1,2023-03-07,110.5,110.5,108.5,109.8,298420.0,7.5,83.29,75.4728
company_1,2023-03-09,109.9,110.9,109.2,109.8,472740.0,7.5,81.59,75.9028
company_1,2023-03-10,109.5,109.9,108.8,109.0,338750.0,7.5,82.78,75.9028
company_1,2023-03-13,109.5,110.2,107.5,108.5,465290.0,7.5,80.77,75.4609
company_1,2023-03-14,109.2,109.6,108.7,109.3,286350.0,7.5,77.45,75.4609
company_1,2023-03-15,109.4,110.3,107.7,109.0,389210.0,7.5,73.69,75.1927
company_1,2023-03-16,109.3,112.6,108.1,109.9,1314980.0,7.5,74.7,75.7457
company_1,2023-03-17,110.7,111.8,108.9,109.2,824320.0,7.5,72.97,76.4095
company_1,2023-03-20,109.5,112.7,108.5,110.5,1664430.0,7.5,73.79,77.2422
company_1,2023-03-21,111.2,112.4,111.0,111.3,1094080.0,7.5,75.32,77.2422
company_1,2023-03-22,111.7,111.8,110.0,110.5,510840.0,7.5,76.69,76.8373
company_1,2023-03-23,110.7,119.7,110.2,116.4,4866750.0,7.5,75.91,76.9561
company_1,2023-03-24,117.3,124.3,116.0,117.0,5773330.0,7.5,74.99,76.3072
company_1,2023-03-27,118.6,126.3,117.1,122.3,5047250.0,7.5,78.12,76.5662
company_1,2023-03-28,122.5,125.5,120.9,122.6,1397390.0,7.5,78.65,76.5662
company_1,2023-03-29,122.7,123.9,119.5,121.9,903250.0,7.5,78.28,76.5939
company_1,2023-03-30,121.9,123.9,116.3,121.5,1510230.0,7.5,78.6,76.9781
company_1,2023-03-31,121.7,124.9,119.3,119.3,1185970.0,7.5,79.89,77.0863
company_1,2023-04-03,120.8,132.3,120.4,128.3,8267800.0,7.5,84.93,77.951
company_1,2023-04-04,128.9,152.0,128.6,147.5,17787160.0,7.5,84.94,77.951
company_1,2023-04-05,149.2,198.0,140.2,186.0,51002390.0,7.5,84.99,79.3563
company_1,2023-04-06,183.0,200.0,172.1,173.8,10206530.0,7.5,85.12,79.4961
company_1,2023-04-07,174.0,188.0,167.8,170.4,5094670.0,7.5,84.18,80.6713
company_1,2023-04-10,174.5,182.3,170.6,175.0,2265600.0,7.5,84.18,81.7441
company_1,2023-04-11,176.2,177.8,167.9,171.1,887760.0,7.5,85.61,81.7441
company_1,2023-04-12,173.2,177.0,168.5,170.0,1620490.0,7.5,87.33,82.1799
company_1,2023-04-13,170.7,171.3,162.2,165.3,1055040.0,7.5,86.09,82.0934
company_1,2023-04-14,166.7,170.7,163.1,167.4,799420.0,7.5,86.31,81.6758
company_1,2023-04-17,168.1,180.5,167.6,175.0,4742470.0,7.5,84.76,81.6279
company_1,2023-04-18,177.1,177.5,172.0,173.0,820450.0,7.5,84.77,81.6279
company_1,2023-04-19,174.0,174.5,167.1,170.8,588710.0,7.5,83.12,81.6028
company_1,2023-04-20,170.5,176.3,169.0,170.3,1287190.0,7.5,81.1,81.6549
company_1,2023-04-21,171.0,172.1,168.5,169.1,293510.0,7.5,81.66,81.6188
company_1,2023-04-24,169.2,172.1,165.2,169.6,404330.0,7.5,82.73,81.2745
company_1,2023-04-25,170.6,170.8,167.0,168.0,245480.0,7.5,80.77,81.2745
company_1,2023-04-26,169.0,169.3,167.6,168.2,157140.0,7.5,77.69,81.5499
company_1,2023-04-27,167.9,169.1,163.0,164.4,474120.0,7.5,78.22,81.6274
company_1,2023-04-28,166.3,173.3,161.0,163.2,1448380.0,7.5,80.33,81.5601
company_1,2023-05-02,163.7,166.2,145.1,152.0,1068500.0,7.5,75.32,79.9609
company_1,2023-05-03,152.4,156.1,145.4,148.8,598280.0,7.5,72.33,79.9609
company_1,2023-05-04,149.1,158.0,148.8,154.1,673250.0,7.5,72.5,79.3071
company_1,2023-05-05,155.0,161.7,152.2,153.4,520060.0,7.5,75.3,78.6139
company_1,2023-05-08,155.0,161.2,153.7,158.2,298930.0,7.5,77.01,76.6929
company_1,2023-05-10,159.5,165.0,158.2,162.6,483660.0,7.5,76.41,76.6929
company_1,2023-05-11,163.2,167.5,163.2,164.4,643820.0,7.5,74.98,76.6929
company_1,2023-05-12,164.9,171.5,164.4,169.7,2067890.0,7.5,74.17,75.8846
company_1,2023-05-15,173.0,184.1,171.0,181.0,5455950.0,7.5,75.23,79.1004
company_1,2023-05-16,182.0,182.3,173.2,174.0,1862600.0,7.5,74.91,79.1004
company_1,2023-05-17,174.8,174.9,169.3,171.0,712030.0,7.5,76.96,79.9798
company_1,2023-05-18,171.3,179.4,170.5,174.0,1494660.0,7.5,75.86,80.7642
company_1,2023-05-19,174.3,177.4,172.8,174.0,609550.0,7.5,75.58,80.0366
company_1,2023-05-22,175.6,175.6,162.0,170.0,724570.0,7.5,75.99,79.9379
company_1,2023-05-23,170.2,171.5,166.9,171.4,241550.0,7.5,77.7011,79.9379
company_1,2023-05-24,172.0,175.9,170.2,173.4,558240.0,7.5,78.36,80.1665
company_1,2023-05-25,173.7,174.0,170.5,171.5,200350.0,7.5,76.26,79.9669
company_1,2023-05-26,173.4,173.4,171.0,171.3,173410.0,7.5,76.95,79.9841
company_1,2023-05-29,172.9,177.4,171.5,175.4,850900.0,7.5,77.07,80.0555
company_1,2023-05-30,175.2,176.2,165.0,171.5,624070.0,7.5,73.71,80.0555
company_1,2023-05-31,171.2,184.7,170.0,184.7,3591640.0,7.5,72.6,80.6872
company_1,2023-06-01,187.0,195.4,185.4,188.5,4003480.0,7.5,74.28,80.9942
company_1,2023-06-02,190.1,190.5,181.0,183.4,2077000.0,7.5,76.13,80.9657
company_1,2023-06-05,185.8,191.9,178.1,182.0,1216480.0,7.5,76.71,81.3294
company_1,2023-06-06,181.5,190.0,175.0,190.0,1166730.0,7.5,76.29,81.3294
company_1,2023-06-07,193.0,201.3,185.0,187.0,5988100.0,7.5,76.95,81.2502
company_1,2023-06-08,189.9,190.0,186.0,187.7,484520.0,7.5,75.96,81.4581
company_1,2023-06-09,188.4,189.0,180.2,187.3,733500.0,7.5,74.79,82.093
company_1,2023-06-13,190.1,192.9,187.0,190.9,1045340.0,7.5,74.29,83.6405
company_1,2023-06-14,192.0,194.8,190.1,191.4,1141590.0,7.5,73.2,83.6405
company_1,2023-06-15,192.5,192.5,188.5,190.6,399730.0,7.5,75.67,84.3249
company_1,2023-06-16,190.8,191.7,186.3,188.0,490630.0,7.5,76.61,83.9611
company_1,2023-06-19,189.0,194.5,188.1,192.9,1047660.0,7.5,76.09,83.9866
company_1,2023-06-20,193.3,205.9,191.2,203.8,5203180.0,7.5,75.9,83.9866
company_1,2023-06-21,205.0,220.7,204.5,211.7,5710860.0,7.5,77.12,84.2336
company_1,2023-06-22,213.9,215.9,206.5,209.2,994830.0,7.5,74.14,84.2467
company_1,2023-06-23,208.9,209.0,199.0,203.4,891930.0,7.5,73.85,83.6077
company_1,2023-06-26,204.6,207.8,195.0,199.6,571280.0,7.5,74.18,84.6642
company_1,2023-06-27,200.0,210.6,200.0,207.2,930530.0,7.5,72.26,84.6642
company_1,2023-06-28,208.3,214.8,207.5,213.7,1127300.0,7.5,74.03,85.0504
company_1,2023-06-29,215.0,216.7,208.0,209.8,637760.0,7.5,74.51,85.6192
company_1,2023-06-30,209.7,211.8,205.5,206.9,561970.0,7.5,75.41,87.0341
company_1,2023-07-03,206.6,214.0,206.4,209.5,604080.0,7.5,74.65,89.3255
company_1,2023-07-04,210.0,211.0,202.8,204.9,464030.0,7.5,76.25,89.3255
company_1,2023-07-05,205.1,206.4,200.6,202.5,524360.0,7.5,76.65,89.545
company_1,2023-07-06,203.9,209.1,202.6,203.1,573770.0,7.5,76.51,90.338
company_1,2023-07-07,203.1,206.9,200.7,205.0,543470.0,7.5,78.47,92.5695
company_1,2023-07-10,204.1,207.0,203.2,205.1,422930.0,7.5,77.69,91.4931
company_1,2023-07-11,206.1,207.8,205.1,205.7,312850.0,7.5,79.4,91.4931
company_1,2023-07-12,206.6,214.9,206.3,212.6,1686110.0,7.5,80.11,90.5045
company_1,2023-07-13,214.5,214.9,208.1,211.4,415320.0,7.5,81.36,90.6253
company_1,2023-07-14,212.3,213.1,209.6,210.9,245580.0,7.5,79.87,90.1757
company_1,2023-07-17,210.7,213.4,210.1,211.7,578060.0,7.5,78.5,90.4217
company_1,2023-07-18,211.7,219.0,211.1,218.9,1810360.0,7.5,79.63,90.4217
company_1,2023-07-19,219.6,225.3,218.3,221.0,2088110.0,7.5,79.46,90.6906
company_1,2023-07-20,221.3,230.0,212.3,213.1,2498860.0,7.5,79.64,91.2046
company_1,2023-07-21,214.2,224.9,213.7,219.6,1753640.0,7.5,81.07,90.8545
company_1,2023-07-24,222.5,225.0,219.7,222.7,730040.0,8.5,82.74,90.489
company_1,2023-07-25,223.5,226.7,221.0,224.9,751830.0,8.5,83.64,90.489
company_1,2023-07-26,225.5,227.0,222.0,224.2,984180.0,8.5,82.92,90.0945
company_1,2023-07-27,225.4,230.0,224.6,228.0,1164820.0,8.5,84.24,90.0468
company_1,2023-07-28,230.0,232.0,226.2,227.7,733190.0,8.5,84.41,90.0225
company_1,2023-07-31,229.9,234.4,228.5,232.5,1000520.0,8.5,85.43,91.5923
company_1,2023-08-01,234.0,246.6,230.7,243.5,2232570.0,8.5,84.91,91.5923
company_1,2023-08-02,244.0,247.0,235.5,242.0,1247270.0,8.5,83.2,91.7755
company_1,2023-08-03,242.1,245.5,241.1,242.5,688010.0,8.5,85.14,92.841
company_1,2023-08-04,243.0,244.7,215.0,231.9,1791150.0,8.5,86.24,93.7792
company_1,2023-08-07,232.5,239.9,232.3,238.0,644230.0,8.5,85.34,96.5668
company_1,2023-08-08,237.5,239.5,228.1,234.2,726240.0,8.5,86.17,96.5668
company_1,2023-08-09,235.3,239.8,234.5,236.2,624050.0,8.5,87.55,96.0755
company_1,2023-08-10,236.3,238.5,235.8,237.5,283120.0,8.5,86.4,97.3999
company_1,2023-08-11,238.5,241.6,236.0,238.8,723320.0,8.5,86.81,97.2794
company_1,2023-08-14,240.7,242.8,230.2,232.5,816880.0,8.5,86.21,101.0399
company_1,2023-08-15,230.8,239.6,218.8,238.2,1242160.0,12.0,85.03,101.0399
company_1,2023-08-16,237.5,242.8,225.1,231.0,1235750.0,12.0,83.45,97.4217
company_1,2023-08-17,231.9,234.4,227.5,230.7,260900.0,12.0,84.12,96.7045
company_1,2023-08-18,234.0,239.7,231.3,236.9,922750.0,12.0,84.8,93.746
company_1,2023-08-21,237.4,244.8,233.3,243.9,1330180.0,12.0,84.46,94.1424
company_1,2023-08-22,244.2,257.9,241.0,248.7,5657000.0,12.0,84.03,94.1424
company_1,2023-08-23,250.9,253.7,240.6,246.3,1213670.0,12.0,83.21,94.1185
company_1,2023-08-24,246.1,248.8,242.2,246.1,365170.0,12.0,83.36,94.4421
company_1,2023-08-25,248.8,249.0,243.0,245.2,523060.0,12.0,84.48,94.4007
company_1,2023-08-28,245.2,249.0,240.6,247.7,456020.0,12.0,84.42,95.4717
company_1,2023-08-29,246.3,247.5,244.5,246.4,387340.0,12.0,85.49,95.4717
company_1,2023-08-30,246.8,252.0,245.5,249.5,1263510.0,12.0,85.24,95.707
company_1,2023-08-31,249.7,253.0,246.2,247.2,415290.0,12.0,86.83,95.9283
company_1,2023-09-01,248.9,252.9,246.1,249.9,656250.0,12.0,88.55,96.3344
company_1,2023-09-04,251.0,258.9,247.3,257.8,2031810.0,12.0,89.0,96.6199
company_1,2023-09-05,259.1,278.4,251.2,267.4,6477180.0,12.0,90.04,96.6199
company_1,2023-09-06,267.5,268.3,258.3,262.5,1505070.0,12.0,90.6,97.5383
company_1,2023-09-07,264.0,268.0,245.1,252.3,1825560.0,12.0,89.92,97.8439
company_1,2023-09-08,253.5,262.3,242.4,256.0,1594110.0,12.0,90.65,98.1961
company_1,2023-09-11,258.8,265.1,254.5,259.6,847340.0,12.0,90.64,96.5083
company_1,2023-09-12,260.0,264.9,256.8,261.1,486060.0,12.0,92.06,96.5083
company_1,2023-09-13,261.4,262.8,250.2,255.0,501080.0,12.0,91.88,94.7035
company_1,2023-09-14,255.0,257.2,222.1,244.4,1784800.0,12.0,93.7,95.9794
company_1,2023-09-15,245.2,252.2,237.5,248.5,717050.0,12.0,93.93,96.1609
company_1,2023-09-18,251.1,255.6,242.4,246.5,767260.0,13.0,94.43,96.6472
company_1,2023-09-19,244.7,246.8,230.0,236.8,753080.0,13.0,94.34,96.6472
company_1,2023-09-20,234.5,248.0,220.1,235.1,1451010.0,13.0,93.53,96.2236
company_1,2023-09-21,231.9,239.0,224.7,226.3,760780.0,13.0,93.3,96.6172
company_1,2023-09-22,226.3,233.0,223.6,230.0,554140.0,13.0,93.27,96.0762
company_1,2023-09-25,231.7,242.1,227.8,241.4,770100.0,13.0,93.29,96.1456
company_1,2023-09-26,241.7,244.9,233.2,239.0,501590.0,13.0,93.96,96.1456
company_1,2023-09-27,240.5,246.7,239.6,243.8,527870.0,13.0,96.55,96.2378
company_1,2023-09-28,245.0,249.6,244.4,246.2,358970.0,13.0,93.1,96.5
company_1,2023-09-29,248.8,248.8,241.1,243.9,279850.0,13.0,92.2,97.0018
company_1,2023-10-02,244.2,253.0,242.3,244.4,509900.0,13.0,90.71,98.4785
company_1,2023-10-03,245.8,246.4,238.5,242.3,306810.0,13.0,90.92,98.4785
company_1,2023-10-04,242.5,246.8,240.3,242.0,225010.0,13.0,85.81,99.2677
company_1,2023-10-05,242.3,244.4,236.0,238.0,295420.0,13.0,84.07,99.4555
company_1,2023-10-06,238.0,239.0,230.6,233.4,358940.0,13.0,84.58,99.6762
company_1,2023-10-09,233.8,237.7,233.8,237.4,175540.0,13.0,88.15,101.3598
company_1,2023-10-10,237.6,240.0,235.3,236.6,203990.0,13.0,87.65,101.3598
company_1,2023-10-11,236.3,242.2,233.1,238.9,632570.0,13.0,85.82,99.9349
company_1,2023-10-12,234.9,238.0,230.6,234.0,350040.0,13.0,86.0,99.9808
company_1,2023-10-13,234.5,236.8,233.7,235.5,160940.0,13.0,90.89,96.9948
company_1,2023-10-16,236.6,237.9,234.7,236.4,185710.0,13.0,89.65,97.2865
company_1,2023-10-17,237.1,242.9,236.1,240.4,454610.0,13.0,89.9,97.2865
company_1,2023-10-18,241.0,243.6,236.2,238.9,304680.0,13.0,91.5,97.3458
company_1,2023-10-19,239.2,250.8,238.0,249.7,1512260.0,13.0,92.38,97.3724
company_1,2023-10-20,249.7,250.0,241.4,245.6,373210.0,13.0,92.16,97.3074
company_1,2023-10-23,247.4,248.2,240.5,243.0,327470.0,13.0,89.83,94.7081
company_1,2023-10-24,241.3,243.4,240.5,242.4,144400.0,13.0,88.07,94.7081
company_1,2023-10-25,242.5,243.0,240.5,240.7,126160.0,13.0,90.13,93.5224
company_1,2023-10-26,240.9,242.6,236.2,236.5,364130.0,13.0,87.93,93.1507
company_1,2023-10-27,236.6,242.0,233.5,238.1,332730.0,13.0,90.48,93.5616
company_1,2023-10-30,236.5,240.7,235.1,237.7,205240.0,15.0,86.35,93.2435
company_1,2023-10-31,237.5,237.6,231.0,236.2,255870.0,15.0,85.02,93.2435
company_1,2023-11-01,235.1,240.0,234.6,239.4,193750.0,15.0,84.63,92.0226
company_1,2023-11-02,239.9,240.2,235.2,238.0,170540.0,15.0,86.85,93.2801
company_1,2023-11-03,237.5,240.8,236.0,236.3,174760.0,15.0,84.89,93.173
company_1,2023-11-06,235.9,239.6,235.9,237.6,64940.0,15.0,85.18,92.4151
company_1,2023-11-07,238.1,238.7,235.7,236.3,88690.0,15.0,81.61,92.4151
company_1,2023-11-08,236.4,238.0,235.5,236.4,118350.0,15.0,79.54,92.4151
company_1,2023-11-09,236.8,237.1,233.1,234.6,181370.0,15.0,80.01,92.1973
company_1,2023-11-10,235.0,235.0,226.4,231.0,437160.0,15.0,81.43,91.9266
company_1,2023-11-13,232.3,233.5,219.9,219.9,408000.0,15.0,82.52,92.1185
company_1,2023-11-14,219.4,219.4,201.3,205.4,1227740.0,15.0,82.47,92.1185
company_1,2023-11-15,205.4,223.8,202.4,219.0,773930.0,15.0,81.18,91.257
company_1,2023-11-16,219.1,229.5,219.0,222.6,1032860.0,15.0,77.42,89.4565
company_1,2023-11-17,221.0,227.0,215.7,224.0,553580.0,15.0,80.61,88.9466
company_1,2023-11-20,226.8,227.0,217.5,217.5,304050.0,15.0,82.32,88.4954
company_1,2023-11-21,217.5,217.8,210.0,213.2,299110.0,15.0,82.45,88.4954
company_1,2023-11-22,213.0,220.4,211.4,216.5,286340.0,15.0,81.96,87.8701
company_1,2023-11-23,216.5,218.4,211.6,214.0,205240.0,15.0,81.42,88.1648
company_1,2023-11-24,213.8,215.4,205.2,207.7,434410.0,15.0,80.58,88.1206
company_1,2023-11-27,206.1,206.4,193.4,194.4,1532380.0,15.0,79.98,88.7045
company_1,2023-11-28,196.9,198.2,194.6,196.2,496800.0,15.0,81.68,88.7045
company_1,2023-11-29,197.5,203.6,196.4,199.7,941520.0,15.0,82.88,88.6102
company_1,2023-11-30,202.0,203.6,190.0,196.7,919840.0,15.0,80.86,88.8841
company_1,2023-12-01,196.4,196.4,193.5,194.6,275220.0,15.0,78.88,88.5819
company_1,2023-12-04,194.0,199.8,190.1,193.8,431670.0,15.0,78.03,90.6728
company_1,2023-12-05,193.7,197.0,190.6,194.6,494330.0,15.0,77.2,90.6728
company_1,2023-12-06,195.7,199.6,186.1,188.0,457260.0,15.0,74.3,91.5823
company_1,2023-12-07,187.6,190.9,176.0,184.0,1146440.0,15.0,74.05,92.7826
company_1,2023-12-08,185.9,194.6,184.2,186.5,1446300.0,15.0,75.84,92.5654
company_1,2023-12-11,187.5,189.6,180.5,183.1,417690.0,15.0,76.03,90.9846
company_1,2023-12-12,184.0,185.4,180.7,182.0,197050.0,15.0,73.24,90.9846
company_1,2023-12-13,181.7,187.0,180.5,185.1,201290.0,15.0,74.26,90.2158
company_1,2023-12-14,186.9,187.8,182.1,182.6,145590.0,15.0,76.61,89.8926
company_1,2023-12-15,182.6,188.0,182.0,187.3,177640.0,15.0,76.55,89.6741
company_1,2023-12-18,187.7,199.2,187.6,197.6,1330810.0,16.0,77.95,90.4162
company_1,2023-12-19,198.9,202.0,191.2,193.1,922260.0,16.0,79.23,90.4162
company_1,2023-12-20,194.4,201.9,191.6,198.9,715830.0,16.0,79.7,90.087
company_1,2023-12-21,199.0,200.0,195.5,198.0,248900.0,16.0,79.39,90.4056
company_1,2023-12-22,198.5,201.2,196.7,197.7,968630.0,16.0,79.07,91.7062
company_1,2023-12-25,199.4,201.0,197.2,199.8,1658590.0,16.0,81.07,91.969
company_1,2023-12-26,199.8,203.5,197.7,198.4,1620340.0,16.0,81.07,91.969
company_1,2023-12-27,198.4,200.1,193.0,195.5,1246360.0,16.0,79.54,91.7069
company_1,2023-12-28,196.7,199.0,195.5,195.7,496130.0,16.0,77.15,91.7051
company_1,2023-12-29,195.7,196.9,193.0,193.3,339890.0,16.0,77.04,90.3041
company_1,2024-01-03,194.5,197.6,193.6,197.5,198160.0,16.0,78.25,90.404
company_1,2024-01-04,198.2,200.3,196.9,199.5,889160.0,16.0,77.59,90.404
company_1,2024-01-05,200.0,200.0,195.6,198.4,375750.0,16.0,78.76,90.404
company_1,2024-01-08,199.2,200.5,196.1,200.0,450010.0,16.0,76.12,90.404
company_1,2024-01-09,199.9,202.0,198.2,199.9,2862400.0,16.0,77.59,90.404
company_1,2024-01-10,201.0,207.5,199.2,199.7,8394240.0,16.0,76.8,90.404
company_1,2024-01-11,200.1,200.5,183.0,194.9,3092480.0,16.0,77.41,89.3939
company_1,2024-01-12,195.0,203.5,195.0,198.5,4490090.0,16.0,78.29,88.7818
company_1,2024-01-15,198.5,201.3,198.0,199.9,1752320.0,16.0,78.15,87.6772
company_1,2024-01-16,199.9,200.5,197.8,199.3,922840.0,16.0,78.29,87.6772
company_1,2024-01-17,199.7,203.0,199.4,201.8,2822840.0,16.0,77.88,87.6457
company_1,2024-01-18,202.5,204.5,199.1,200.0,2236730.0,16.0,79.1,88.354
company_1,2024-01-19,199.9,200.0,196.0,199.2,918830.0,16.0,78.56,88.661
company_1,2024-01-22,199.6,201.0,198.7,199.6,749690.0,16.0,80.06,87.9724
company_1,2024-01-23,199.8,200.0,198.3,198.9,581000.0,16.0,79.55,87.9724
company_1,2024-01-24,199.5,199.5,197.6,198.1,491870.0,16.0,80.04,87.9199
company_1,2024-01-25,198.0,198.8,193.2,195.7,1140390.0,16.0,82.43,88.2829
company_1,2024-01-26,195.6,196.0,192.0,193.5,1267070.0,16.0,82.95,88.6562
company_1,2024-01-29,194.9,196.7,193.8,196.0,408690.0,16.0,81.83,89.609
company_1,2024-01-30,196.3,197.6,194.2,195.2,490400.0,16.0,82.5,89.609
company_1,2024-01-31,195.3,198.2,193.5,196.4,1161160.0,16.0,80.55,89.2887
company_1,2024-02-01,196.5,199.1,195.7,195.9,618560.0,16.0,78.7,89.6678
company_1,2024-02-02,196.0,196.4,194.6,195.2,282880.0,16.0,77.33,90.2299
company_1,2024-02-05,195.0,196.9,195.0,195.6,428720.0,16.0,77.99,91.2434
company_1,2024-02-06,195.8,197.8,195.6,197.4,472460.0,16.0,78.59,91.2434
company_1,2024-02-07,197.8,199.9,197.5,199.3,938800.0,16.0,79.21,90.6842
company_1,2024-02-08,201.0,201.8,193.6,195.2,1800300.0,16.0,81.63,91.1514
company_1,2024-02-09,195.4,197.9,193.9,194.0,588420.0,16.0,82.19,91.2561
company_1,2024-02-12,195.4,195.5,189.5,191.6,1159630.0,16.0,82.0,91.0758
company_1,2024-02-13,191.6,194.8,191.6,194.0,438290.0,16.0,82.77,91.0758
company_1,2024-02-14,194.7,195.0,193.0,193.9,352240.0,16.0,81.6,91.2057
company_1,2024-02-15,193.9,195.0,191.4,192.8,414460.0,16.0,82.86,91.4316
company_1,2024-02-16,193.9,194.6,191.0,191.3,412480.0,16.0,83.47,91.8237
company_1,2024-02-19,191.3,192.5,186.3,188.1,895430.0,16.0,83.56,92.4102
company_1,2024-02-20,188.2,188.6,184.3,185.3,744880.0,16.0,82.34,92.4102
company_1,2024-02-21,184.6,187.0,179.2,182.5,1584200.0,16.0,83.03,92.349
company_1,2024-02-22,183.3,185.2,182.0,182.2,618020.0,16.0,83.67,92.4387
company_1,2024-02-26,185.0,189.8,183.0,188.9,825750.0,16.0,82.53,92.6321
company_1,2024-02-27,189.9,190.0,186.4,187.3,347130.0,16.0,83.65,92.6321
company_1,2024-02-28,187.4,189.0,185.5,186.4,308130.0,16.0,82.15,92.0425
company_1,2024-02-29,187.0,190.8,186.0,188.5,692600.0,16.0,81.91,91.8692
company_1,2024-03-01,188.5,189.9,187.6,188.8,208290.0,16.0,83.55,90.8423
company_1,2024-03-04,189.0,193.1,188.8,191.9,729440.0,16.0,82.8,91.3534
company_1,2024-03-05,192.0,192.5,189.1,189.7,312960.0,16.0,82.04,91.3534
company_1,2024-03-06,189.6,190.4,187.3,188.9,323720.0,16.0,82.96,91.1604
company_1,2024-03-07,189.9,190.8,187.8,188.0,266910.0,16.0,82.96,90.3412
company_1,2024-03-11,189.3,191.2,188.1,188.6,277730.0,16.0,82.21,90.6252
company_1,2024-03-12,188.8,188.8,186.1,186.8,249650.0,16.0,81.92,90.6252
company_1,2024-03-13,186.8,189.6,183.6,184.6,396640.0,16.0,84.03,90.8818
company_1,2024-03-14,184.9,185.5,182.4,183.2,501130.0,16.0,85.42,91.5449
company_1,2024-03-15,183.7,186.0,183.3,185.0,333500.0,16.0,85.34,91.6359
company_1,2024-03-18,185.0,186.0,183.1,183.7,274290.0,16.0,86.89,91.9829
company_1,2024-03-19,183.8,185.5,182.1,183.4,402350.0,16.0,87.38,91.9829
company_1,2024-03-20,183.4,183.4,180.4,181.8,454660.0,16.0,85.95,92.2243
company_1,2024-03-21,182.0,182.5,180.5,181.0,169640.0,16.0,85.78,92.6861
company_1,2024-03-22,180.6,181.7,176.2,177.1,679930.0,16.0,85.43,91.9499
company_1,2024-03-25,178.0,183.0,175.3,179.3,686930.0,16.0,86.75,92.7761
company_1,2024-03-26,179.5,180.1,176.4,178.2,303610.0,16.0,86.25,92.7761
company_1,2024-03-27,178.5,179.9,176.6,177.8,292930.0,16.0,85.41,92.5745
company_1,2024-03-28,178.2,178.9,177.2,177.4,213490.0,16.0,87.0,92.5919
company_1,2024-03-29,177.4,178.5,176.4,177.2,258800.0,16.0,86.9719,92.2628
company_1,2024-04-01,177.2,185.8,177.2,184.1,1020240.0,16.0,87.6387,92.2914
company_1,2024-04-02,184.7,185.6,181.6,182.8,706450.0,16.0,89.2827,92.2914
company_1,2024-04-03,183.5,189.7,182.7,189.7,1020760.0,16.0,89.5565,92.5254
company_1,2024-04-04,190.1,195.0,184.1,185.5,3310410.0,16.0,91.13,92.3892
company_1,2024-04-05,186.1,188.1,184.8,185.5,417080.0,16.0,91.17,92.3058
company_1,2024-04-08,186.8,188.6,186.1,187.4,434430.0,16.0,90.5106,92.581
company_1,2024-04-09,187.5,192.5,186.4,187.1,563000.0,16.0,89.45,92.581
company_1,2024-04-10,187.2,187.7,183.2,185.8,337590.0,16.0,90.4893,92.7463
company_1,2024-04-11,186.4,187.0,184.0,184.7,333490.0,16.0,90.2163,93.2198
company_1,2024-04-12,184.9,185.5,183.4,183.6,196920.0,16.0,90.45,93.7196
company_1,2024-04-15,183.9,184.7,182.6,184.3,383510.0,16.0,90.41,93.5891
company_1,2024-04-16,184.2,185.5,183.2,184.2,653150.0,16.0,90.09,93.5891
company_1,2024-04-17,185.0,185.3,183.3,184.1,431470.0,16.0,87.42,94.0742
company_1,2024-04-18,183.6,192.0,183.2,189.7,1449910.0,16.0,86.9,94.3242
company_1,2024-04-19,190.4,193.3,186.0,187.6,1228070.0,16.0,87.29,94.0922
company_1,2024-04-22,187.1,191.9,185.8,187.5,1660340.0,16.0,87.15,93.2519
company_1,2024-04-23,188.0,188.7,183.5,185.5,1497990.0,16.0,88.4575,93.2519
company_1,2024-04-24,185.8,186.5,182.7,183.8,803680.0,16.0,87.898,93.2918
company_1,2024-04-25,183.9,189.0,182.8,184.5,807780.0,16.0,89.1095,92.5058
company_1,2024-04-26,184.0,187.4,182.9,184.7,553310.0,16.0,89.2931,92.1314
company_1,2024-04-27,184.4,185.2,183.0,183.5,335050.0,16.0,88.3471,92.0134
company_1,2024-04-29,183.9,184.0,180.3,181.6,422640.0,16.0,88.3471,92.0538
company_1,2024-04-30,181.7,182.0,180.3,180.7,278290.0,16.0,85.9564,92.0538
company_1,2024-05-02,180.8,189.5,175.8,185.9,2407600.0,16.0,83.67,92.0538
company_1,2024-05-03,186.6,187.2,181.7,182.2,540980.0,16.0,82.96,92.0538
company_1,2024-05-06,183.4,185.9,182.4,184.4,771520.0,16.0,83.33,91.3124
company_1,2024-05-07,184.1,185.9,182.9,183.2,290160.0,16.0,83.16,91.3124
company_1,2024-05-08,184.2,184.2,182.5,182.6,190300.0,16.0,83.58,91.1231
company_1,2024-05-10,182.8,183.9,182.6,183.0,112590.0,16.0,82.79,91.633
company_1,2024-05-13,184.0,189.7,183.2,189.3,914880.0,16.0,83.36,91.633
company_1,2024-05-14,190.2,190.6,185.6,186.3,1089530.0,16.0,82.38,91.633
company_1,2024-05-15,187.0,188.4,183.5,185.2,474610.0,16.0,82.75,91.3591
company_1,2024-05-16,185.9,187.3,180.5,183.4,719590.0,16.0,83.27,91.2573
company_1,2024-05-17,182.8,183.8,181.5,183.2,544000.0,16.0,83.98,90.9239
company_1,2024-05-20,183.3,183.6,178.0,180.5,739790.0,16.0,83.71,90.6537
company_1,2024-05-21,180.3,180.5,177.5,179.7,293620.0,16.0,82.88,90.6537
company_1,2024-05-22,179.8,184.8,179.3,180.1,355190.0,16.0,81.9,90.4082
company_1,2024-05-23,179.7,180.0,177.1,178.8,322550.0,16.0,81.36,90.1887
company_1,2024-05-24,178.8,179.7,168.8,169.6,1083140.0,16.0,82.12,90.2486
company_1,2024-05-27,169.9,175.0,167.6,172.8,1096770.0,16.0,82.8517,88.6852
company_1,2024-05-28,173.1,174.8,169.3,170.5,400630.0,16.0,84.63,88.6852
company_1,2024-05-29,170.5,171.9,166.2,168.1,542510.0,16.0,83.54,88.4375
company_1,2024-05-30,168.1,169.3,156.1,157.2,863030.0,16.0,81.86,89.2589
company_1,2024-05-31,156.9,157.4,145.2,148.0,1447480.0,16.0,81.11,89.7869
company_1,2024-06-03,148.2,150.8,133.8,144.2,2097510.0,16.0,78.36,89.3755
company_1,2024-06-04,146.3,156.8,140.6,155.0,1721240.0,16.0,77.52,89.3755
company_1,2024-06-05,157.5,164.9,153.0,159.4,2151770.0,16.0,78.41,88.7574
company_1,2024-06-06,158.6,160.0,156.7,159.4,496650.0,16.0,79.87,88.7436
company_1,2024-06-07,159.4,170.0,157.8,169.6,978220.0,16.0,79.62,88.7604
company_1,2024-06-10,170.0,171.1,162.4,164.9,788830.0,16.0,81.63,88.9944
company_1,2024-06-11,164.6,167.8,161.5,164.8,521090.0,16.0,81.92,88.9944
company_1,2024-06-13,158.8,162.9,145.1,162.3,813490.0,16.0,82.75,88.208
company_1,2024-06-14,163.0,166.4,160.7,165.9,288360.0,16.0,82.62,88.208
company_1,2024-06-17,165.9,166.5,163.2,163.9,246450.0,16.0,84.25,89.0499
company_1,2024-06-18,163.8,163.8,154.2,155.9,977950.0,16.0,85.33,89.0499
company_1,2024-06-19,156.7,156.7,149.6,153.4,653150.0,16.0,85.0747,87.0354
company_1,2024-06-20,152.9,157.3,151.0,156.6,602880.0,16.0,85.64,82.6282
company_1,2024-06-21,156.9,160.9,155.1,155.1,277700.0,16.0,85.07,85.4176
company_1,2024-06-24,154.4,155.7,151.5,151.9,222520.0,16.0,86.01,87.373
company_1,2024-06-25,151.9,153.0,149.9,151.8,178900.0,16.0,85.01,87.373
company_1,2024-06-26,152.0,154.9,152.0,152.9,239760.0,16.0,85.25,87.277
company_1,2024-06-27,153.3,154.1,150.5,151.4,238360.0,16.0,86.39,87.8064
company_1,2024-06-28,151.5,152.5,149.5,150.8,187640.0,16.0,85.0,84.964
company_1,2024-07-01,151.1,152.5,150.4,151.8,255170.0,16.0,86.6,87.2972
company_1,2024-07-02,152.3,159.5,152.3,159.3,1576270.0,16.0,86.24,87.2972
company_1,2024-07-03,159.7,160.0,156.1,156.7,542240.0,16.0,86.63,87.9921
company_1,2024-07-04,156.5,156.9,152.2,154.1,537260.0,16.0,87.4263,87.9506
company_1,2024-07-05,154.0,155.5,152.5,155.3,334840.0,16.0,86.97,88.1205
company_1,2024-07-08,155.2,158.3,154.0,155.5,510540.0,16.0,85.64,88.1688
company_1,2024-07-09,155.1,155.9,145.1,145.2,687200.0,16.0,84.66,88.1688
company_1,2024-07-10,145.1,147.0,131.9,132.3,1309520.0,16.0,85.08,88.0031
company_1,2024-07-11,132.3,146.3,132.1,145.0,1073750.0,16.0,85.4,87.8551
company_1,2024-07-12,145.8,145.8,135.7,141.3,1055170.0,16.0,85.03,87.988
company_1,2024-07-15,141.7,142.3,137.0,138.6,428070.0,16.0,84.85,87.8077
company_1,2024-07-16,136.7,139.1,132.1,138.2,662010.0,16.0,83.73,87.8077
company_1,2024-07-17,139.0,141.0,130.9,132.8,1246540.0,16.0,85.08,88.2824
company_1,2024-07-18,132.6,135.5,131.4,135.2,641070.0,16.0,85.11,88.0872
company_1,2024-07-19,135.1,145.5,133.2,145.4,788130.0,16.0,82.63,87.8754
company_1,2024-07-22,145.9,149.0,142.8,148.4,813330.0,16.0,82.192,87.7805
company_1,2024-07-23,148.5,148.5,143.4,146.4,517950.0,16.0,81.494,87.7805
company_1,2024-07-24,146.4,147.4,144.5,146.8,282040.0,16.0,81.71,87.299
company_1,2024-07-25,147.0,147.0,142.9,144.5,264160.0,16.0,82.37,86.5502
company_1,2024-07-26,144.2,145.2,135.8,139.2,583630.0,16.0,81.13,85.41
company_1,2024-07-29,138.3,138.9,133.6,134.0,347890.0,18.0,79.78,86.5554
company_1,2024-07-30,134.8,137.7,133.1,137.0,192110.0,18.0,78.63,86.5554
company_1,2024-07-31,137.6,143.0,135.5,141.9,256260.0,18.0,80.72,86.33
company_1,2024-08-01,141.6,141.8,136.7,138.3,546530.0,18.0,80.77,86.1091
company_1,2024-08-02,137.3,138.4,133.1,134.9,705800.0,18.0,76.81,85.7833
company_1,2024-08-05,133.3,134.3,128.6,130.5,627800.0,18.0,76.3,84.9471
company_1,2024-08-06,131.1,135.0,129.8,132.4,588740.0,18.0,76.48,84.9471
company_1,2024-08-07,132.4,136.0,130.6,134.4,386020.0,18.0,78.33,85.1646
company_1,2024-08-08,135.3,136.0,132.3,132.8,195660.0,18.0,79.16,85.9543
company_1,2024-08-09,132.6,137.0,131.9,134.3,162490.0,18.0,79.66,86.5621
company_1,2024-08-12,134.3,135.4,132.1,135.1,197390.0,18.0,82.3,89.9475
company_1,2024-08-13,135.5,141.0,134.7,140.4,828050.0,18.0,80.69,89.9475
company_1,2024-08-14,140.6,142.0,135.4,135.9,879910.0,18.0,79.76,92.6592
company_1,2024-08-15,135.9,137.4,134.0,134.2,259780.0,18.0,81.04,90.0055
company_1,2024-08-16,134.5,135.5,132.5,133.2,228790.0,18.0,79.68,88.796
company_1,2024-08-19,133.2,133.7,129.0,131.2,582590.0,18.0,77.66,89.5428
company_1,2024-08-20,130.9,131.5,127.3,128.2,424710.0,18.0,77.2,89.5428
company_1,2024-08-21,127.9,128.9,125.6,127.9,407110.0,18.0,76.05,90.6944
company_1,2024-08-22,127.5,128.6,122.2,123.2,490720.0,18.0,77.22,91.6862
company_1,2024-08-23,123.1,125.0,118.5,124.3,557450.0,18.0,79.02,91.2881
company_1,2024-08-26,126.5,129.0,125.6,126.4,337480.0,18.0,81.43,91.7745
company_1,2024-08-27,126.4,126.9,121.0,122.7,283430.0,18.0,79.55,91.7745
company_1,2024-08-28,122.6,122.7,117.7,119.9,524480.0,18.0,78.65,91.4807
company_1,2024-08-29,119.9,120.5,115.6,118.3,637060.0,18.0,78.82,91.4449
company_1,2024-08-30,118.4,118.8,114.6,114.7,465480.0,18.0,76.93,91.4548
company_1,2024-09-02,114.3,114.3,105.0,105.5,1133300.0,18.0,77.2772,90.0013
company_1,2024-09-03,105.5,111.9,102.3,104.8,838220.0,18.0,73.67,90.0013
company_1,2024-09-04,105.8,116.1,104.8,115.4,813580.0,18.0,72.72,88.6118
company_1,2024-09-05,115.2,117.3,110.5,113.2,627370.0,18.0,72.69,88.9288
company_1,2024-09-06,113.9,116.5,111.0,113.5,378140.0,18.0,71.06,89.7044
company_1,2024-09-09,114.2,119.2,113.7,118.3,540580.0,18.0,71.84,90.3853
company_1,2024-09-10,118.9,118.9,113.9,118.4,475910.0,18.0,69.19,90.3853
company_1,2024-09-11,118.4,118.7,114.3,114.8,277140.0,18.0,70.61,91.1127
company_1,2024-09-12,115.1,115.2,111.7,113.1,231190.0,18.0,71.97,91.2653
company_1,2024-09-13,113.3,118.9,108.2,117.6,824910.0,18.0,71.61,91.1096
company_1,2024-09-16,118.0,124.5,116.6,122.4,1492820.0,19.0,72.75,91.1423
company_1,2024-09-17,122.5,123.8,120.3,122.9,439290.0,19.0,73.7,91.1423
company_1,2024-09-18,123.2,123.2,120.4,121.1,291350.0,19.0,73.65,91.4292
company_1,2024-09-19,120.9,126.5,120.2,124.7,790200.0,19.0,74.88,91.6712
company_1,2024-09-20,124.4,129.2,123.4,127.0,788770.0,19.0,74.49,92.6962
company_1,2024-09-23,128.9,132.9,127.3,132.3,763070.0,19.0,73.9,92.92
company_1,2024-09-24,132.5,136.2,130.3,131.8,547660.0,19.0,75.17,92.92
company_1,2024-09-25,132.0,135.8,123.0,129.0,1016210.0,19.0,73.46,92.8622
company_1,2024-09-26,128.0,130.0,126.1,128.4,369090.0,19.0,71.6,92.388
company_1,2024-09-27,128.5,133.2,128.1,130.8,419890.0,19.0,71.54,92.4074
company_1,2024-09-30,130.9,132.8,126.8,127.4,407730.0,19.0,71.7,93.2221
company_1,2024-10-01,127.7,128.6,125.7,128.0,254290.0,19.0,73.56,93.2221
company_1,2024-10-02,128.2,130.0,124.1,125.6,362990.0,19.0,73.9,93.3581
company_1,2024-10-03,124.3,126.2,123.0,125.9,410170.0,19.0,77.62,94.5054
company_1,2024-10-04,126.0,127.2,123.6,126.1,321170.0,19.0,78.05,95.0262
company_1,2024-10-07,126.4,126.9,123.9,125.3,176890.0,19.0,80.93,96.0649
company_1,2024-10-08,124.7,125.9,123.6,124.7,141790.0,19.0,77.18,96.0649
company_1,2024-10-09,124.8,125.7,120.6,122.3,264830.0,19.0,76.58,96.1079
company_1,2024-10-10,122.2,124.6,122.0,123.4,231260.0,19.0,79.4,96.9483
company_1,2024-10-11,123.5,124.0,121.1,122.2,128760.0,19.0,79.04,97.2394
company_1,2024-10-14,122.2,126.0,119.8,125.9,443760.0,19.0,77.46,96.1021
company_1,2024-10-15,125.5,130.0,125.0,127.5,573210.0,19.0,74.25,96.1021
company_1,2024-10-16,127.9,129.6,122.3,124.7,402440.0,19.0,74.22,97.0121
company_1,2024-10-17,124.8,125.5,122.5,123.0,174570.0,19.0,74.45,97.2568
company_1,2024-10-18,123.5,124.8,121.7,124.7,197250.0,19.0,73.06,97.149
company_1,2024-10-21,125.0,125.4,122.8,123.9,324670.0,19.0,74.29,96.0924
company_1,2024-10-22,123.8,124.2,121.0,121.4,179140.0,19.0,76.04,96.0924
company_1,2024-10-23,121.3,124.9,119.9,120.9,472320.0,19.0,74.96,96.5918
company_1,2024-10-24,120.9,122.5,119.2,120.9,208230.0,19.0,74.38,96.6379
company_1,2024-10-25,120.8,123.5,116.1,118.7,501460.0,19.0,76.05,96.7402
company_1,2024-10-28,117.5,120.3,108.9,110.9,1260060.0,21.0,71.42,97.23
company_1,2024-10-29,111.0,116.3,109.3,114.8,491430.0,21.0,71.12,97.23
company_1,2024-10-30,114.6,115.4,111.3,111.7,367240.0,21.0,72.16,97.3261
company_1,2024-10-31,111.7,112.4,108.3,109.3,357990.0,21.0,72.81,97.053
company_1,2024-11-01,109.9,112.1,108.7,111.6,180820.0,21.0,73.1,97.0226
company_1,2024-11-02,111.5,112.3,109.0,111.7,461340.0,21.0,73.1,97.4402
