<TICKER>;<PER>;<DATE>;<TIME>;<OPEN>;<HIGH>;<LOW>;<CLOSE>;<VOL>
xxxx;D;200103;000000;2712.2;2718;2677.4;2685;263527
xxxx;D;200106;000000;2682.2;2682.2;2650.6;2672;226702
xxxx;D;200108;000000;2663.8;2707;2636.2;2677;252503
xxxx;D;200109;000000;2685;2737.2;2683.4;2728.4;306731
xxxx;D;200110;000000;2728.6;2760;2700.2;2725;308125
xxxx;D;200113;000000;2713.4;2729.8;2692;2703.4;330909
xxxx;D;200114;000000;2719;2750;2683.8;2685;468516
xxxx;D;200115;000000;2677;2708.4;2660;2690;415484
xxxx;D;200116;000000;2678.2;2869.2;2673.2;2719.8;1470744
xxxx;D;200117;000000;2732.2;2776.8;2726.2;2772.8;668860
xxxx;D;200120;000000;2790;2827;2777;2800;339337
xxxx;D;200121;000000;2799.6;2799.6;2762.6;2770;350182
xxxx;D;200122;000000;2783.2;2799.6;2673.2;2790;755887
xxxx;D;200123;000000;2791;2826.6;2740;2820.2;480427
xxxx;D;200124;000000;2798;2818;2775.8;2798;366624
xxxx;D;200127;000000;2789.2;2802;2735.2;2780;481600
xxxx;D;200128;000000;2785.2;2813.8;2765.6;2799.8;357013
xxxx;D;200129;000000;2812.4;2890;2812.4;2890;679946
xxxx;D;200130;000000;2880;2905;2852.4;2888;344028
xxxx;D;200131;000000;2895;2913;2865.4;2873.4;296170
xxxx;D;200203;000000;2856.8;2899.6;2843.2;2880.6;270342
xxxx;D;200204;000000;2911.8;2994.8;2907;2990;469932
xxxx;D;200205;000000;3010.6;3081;2992.4;3008.2;692586
xxxx;D;200206;000000;3030;3076;3003.4;3048.2;389930
xxxx;D;200207;000000;3058.6;3140;3022.4;3103.8;479731
xxxx;D;200210;000000;3104.6;3143;3065;3087.2;422510
xxxx;D;200211;000000;3100;3131.2;3066.2;3085;340079
xxxx;D;200212;000000;3081;3083.2;3033;3037.2;551073
xxxx;D;200213;000000;3066.6;3097;3035.2;3087.4;516454
xxxx;D;200214;000000;3119.8;3127.6;2950.8;3011;1995630
xxxx;D;200217;000000;2980.4;2989.8;2935.4;2983.6;497430
xxxx;D;200218;000000;2990;2992.4;2917.2;2937;582824
xxxx;D;200219;000000;2921.4;2991.2;2912.6;2953;728333
xxxx;D;200220;000000;2945;2996.4;2941.4;2988.4;738945
xxxx;D;200221;000000;2975;2996;2910.6;2911.8;645644
xxxx;D;200225;000000;2799.8;2869.8;2672.6;2681.8;2303488
xxxx;D;200226;000000;2661.2;2704.8;2538.4;2690.8;2316101
xxxx;D;200227;000000;2665;2744.4;2620.4;2678.2;1662998
xxxx;D;200228;000000;2624.8;2686;2540.2;2659.8;1464045
xxxx;D;200302;000000;2732.8;2762.8;2615.2;2721.4;1290610
xxxx;D;200303;000000;2744;2784.8;2701.4;2723;971355
xxxx;D;200304;000000;2680;2708.8;2632.6;2654.2;697745
xxxx;D;200305;000000;2743;2744.6;2643.2;2728.2;894054
xxxx;D;200306;000000;2700.8;2711.8;2556;2685;1005756
xxxx;D;200310;000000;2520;2757.8;2500;2590;1510732
xxxx;D;200311;000000;2619.6;2640;2520;2615;910964
xxxx;D;200312;000000;2559.8;2560;2350;2460;1547538
xxxx;D;200313;000000;2439.8;2620.6;2400;2470;1221313
xxxx;D;200316;000000;2459.6;2459.6;2241.2;2370;1286296
xxxx;D;200317;000000;2320;2438.8;2257;2425;1078574
xxxx;D;200318;000000;2357;2400;2251;2318.8;1288232
xxxx;D;200319;000000;2345.4;2464.4;2273.2;2434;1509790
xxxx;D;200320;000000;2484;2593.4;2414;2455.2;1335704
xxxx;D;200323;000000;2376.8;2494.4;2295;2299.8;1233149
xxxx;D;200324;000000;2365;2489;2363;2459;1072509
xxxx;D;200325;000000;2549.8;2595;2480.2;2555.8;1339722
xxxx;D;200326;000000;2587.8;2640;2505;2610;1169462
xxxx;D;200327;000000;2649.8;2668;2552.6;2597;798730
xxxx;D;200330;000000;2589.6;2678.8;2577;2670.2;659554
xxxx;D;200331;000000;2700;2749.4;2647;2714.4;815448
xxxx;D;200401;000000;2653;2679.6;2591;2605.8;762168
xxxx;D;200402;000000;2621;2650;2493.8;2550.8;1102131
xxxx;D;200403;000000;2540.2;2584;2514.4;2520;915527
xxxx;D;200406;000000;2566;2609;2536.2;2582;785518
xxxx;D;200407;000000;2607;2695;2602.2;2668;910645
xxxx;D;200408;000000;2622;2742.6;2600.2;2742.6;758024
xxxx;D;200409;000000;2722.8;2755.8;2661.2;2697.2;1045760
xxxx;D;200410;000000;2705;2705;2671.6;2701;262317
xxxx;D;200413;000000;2667.8;2688;2623.2;2659;349223
xxxx;D;200414;000000;2697.8;2782.4;2687.6;2755.6;907990
xxxx;D;200415;000000;2717.6;2719.8;2584.4;2588.2;775540
xxxx;D;200416;000000;2606.8;2680;2570.2;2637.8;708410
xxxx;D;200417;000000;2655.6;2668.8;2620.2;2630.4;457724
xxxx;D;200420;000000;2664;2746;2642;2736.4;863566
xxxx;D;200421;000000;2681.8;2695.4;2601;2659.2;1018160
xxxx;D;200422;000000;2650;2706.8;2631.2;2655;785080
xxxx;D;200423;000000;2668;2677;2621.4;2640.6;505885
xxxx;D;200424;000000;2634.8;2655;2606.6;2621;402936
xxxx;D;200427;000000;2652;2715;2647;2715;783496
xxxx;D;200428;000000;2731;2856.8;2716.4;2754.8;1297877
xxxx;D;200429;000000;2800.2;2874;2775.4;2870;777309
xxxx;D;200430;000000;2898;2924;2812.2;2850.8;744921
xxxx;D;200504;000000;2809.8;2848.8;2776.8;2828.8;414159
xxxx;D;200505;000000;2849.8;2876.8;2831;2842.2;352411
xxxx;D;200506;000000;2849;2883.2;2830.2;2864;376841
xxxx;D;200507;000000;2869;2918.8;2858;2910.2;430050
xxxx;D;200508;000000;2975;2992;2933;2975.2;471330
xxxx;D;200512;000000;2968;2979.8;2927;2977;281684
xxxx;D;200513;000000;2958.4;2958.4;2890.4;2893.4;511700
xxxx;D;200514;000000;2875.2;2883;2785.8;2821.8;557815
xxxx;D;200515;000000;2858;2894;2795.8;2839.6;518342
xxxx;D;200518;000000;2877;2947;2870.4;2945;480408
xxxx;D;200519;000000;2976;2980;2923.6;2970;338651
xxxx;D;200520;000000;2955.2;3000;2941;2964.6;511039
xxxx;D;200521;000000;2944;2960;2895;2910.8;503956
xxxx;D;200522;000000;2889.8;2938.8;2880.6;2905;336192
xxxx;D;200525;000000;2913.8;2962;2908.2;2960.6;258725
xxxx;D;200526;000000;2968.8;2992.8;2911.4;2913.2;553908
xxxx;D;200527;000000;2905.8;2942.8;2817.2;2826;688266
xxxx;D;200528;000000;2875.4;2916.8;2860.4;2888;623076
xxxx;D;200529;000000;2865;2884;2811.6;2833.2;530562
xxxx;D;200601;000000;2849.6;2869.8;2814.4;2846;635598
xxxx;D;200602;000000;2848;2875;2821.2;2837.8;696965
xxxx;D;200603;000000;2848.4;2879.6;2835;2867.6;666883
xxxx;D;200604;000000;2864.8;2882;2837;2861.6;458534
xxxx;D;200605;000000;2874.2;2911.8;2850;2884;425118
xxxx;D;200608;000000;2897.2;2917.8;2866;2873.2;364212
xxxx;D;200609;000000;2896.4;2905;2855;2902;335131
xxxx;D;200610;000000;2895.6;2919.4;2867;2881.2;353031
xxxx;D;200611;000000;2871;2879.8;2817.6;2850;477374
xxxx;D;200615;000000;2836;2975;2820.4;2967.4;799022
xxxx;D;200616;000000;2984;3062;2967.4;3009;916051
xxxx;D;200617;000000;3024;3074;3010;3068.2;606577
xxxx;D;200618;000000;3058.8;3115;3021.2;3108;741015
xxxx;D;200619;000000;3109;3176.2;3107;3155;700308
xxxx;D;200622;000000;3171;3270.8;3115;3254.2;759511
xxxx;D;200623;000000;3248;3444.8;3240.8;3358.6;1723932
xxxx;D;200625;000000;3434;3509.2;3383;3499;1287989
xxxx;D;200626;000000;3477.2;3519.4;3417;3430;610592
xxxx;D;200629;000000;3434.6;3483.2;3380.2;3467;560338
xxxx;D;200630;000000;3467;3564.6;3423;3545.6;631981
xxxx;D;200702;000000;3524;3588;3502;3548.6;438762
xxxx;D;200703;000000;3550;3575;3513;3549.6;274175
xxxx;D;200706;000000;3573;3710;3555.6;3639;611903
xxxx;D;200707;000000;3643;3664.2;3572;3598.8;612278
xxxx;D;200708;000000;3586.8;3636;3553;3581.8;571527
xxxx;D;200709;000000;3583;3658;3575.4;3637.8;495719
xxxx;D;200710;000000;3622.6;3684.8;3590.6;3633;501547
xxxx;D;200713;000000;3640.6;3719.6;3635;3678;463247
xxxx;D;200714;000000;3677;3789;3581.2;3772;733070
xxxx;D;200715;000000;3762.6;3896.4;3762.4;3882.8;816356
xxxx;D;200716;000000;3849.6;3882.8;3807;3824;501829
xxxx;D;200717;000000;3836.4;3966;3830;3950;638095
xxxx;D;200720;000000;3950;4029.4;3901;4029;587288
xxxx;D;200721;000000;4017;4202;3921.2;3964;1030294
xxxx;D;200722;000000;3965;4026.6;3910.6;4010;704144
xxxx;D;200723;000000;4020.2;4069.6;3952.2;4002.8;576118
xxxx;D;200724;000000;3982;4045;3931;4017.2;489272
xxxx;D;200727;000000;4038.4;4155;4012;4123;534302
xxxx;D;200728;000000;4182;4198.8;3971.8;4114.4;1295142
xxxx;D;200729;000000;4131.4;4222;4121.6;4187.8;544339
xxxx;D;200730;000000;4184;4196.8;4104.4;4191;548606
xxxx;D;200731;000000;4211.4;4267.6;4180.2;4257;808414
xxxx;D;200803;000000;4261;4328.8;4242.6;4288.6;546317
xxxx;D;200804;000000;4304;4348.8;4280.2;4312;343736
xxxx;D;200805;000000;4323.4;4355;4310;4340.2;508572
xxxx;D;200806;000000;4342;4417.6;4330.2;4413.8;431203
xxxx;D;200807;000000;4399.8;4443.6;4321;4360;565488
xxxx;D;200810;000000;4380.4;4396;4173.8;4205;846158
xxxx;D;200811;000000;4228.2;4329;4135.2;4185.8;1317479
xxxx;D;200812;000000;4203.2;4330;4182;4288.8;1220993
xxxx;D;200813;000000;4411.8;4554.2;4317.4;4366;3722104
xxxx;D;200814;000000;4405.6;4459.8;4370.4;4389.6;2193720
xxxx;D;200817;000000;4406.2;4534.6;4406;4500;2532299
xxxx;D;200818;000000;4493.8;4548;4464.4;4503;1977361
xxxx;D;200819;000000;4510;4624.4;4505.4;4620;1961349
xxxx;D;200820;000000;4596;4760;4586;4700;2991385
xxxx;D;200821;000000;4725.2;4823.8;4717.6;4772;2525509
xxxx;D;200824;000000;4792.2;4920;4770.2;4913.4;2313397
xxxx;D;200825;000000;4920.2;5078.2;4890.6;5055;2614166
xxxx;D;200826;000000;5063.2;5135.8;4816.4;4973.6;3774617
xxxx;D;200827;000000;4993.6;5022.8;4791;4842.8;2604003
xxxx;D;200828;000000;4867.2;4928.2;4761;4845;2429625
xxxx;D;200831;000000;4888;5165;4881;5089.4;22750215
xxxx;D;200901;000000;5082.6;5177;4984.8;5033;3622595
xxxx;D;200902;000000;5070;5118.2;4943;5070;2459368
xxxx;D;200903;000000;5043.8;5106;4870;4917.8;2587899
xxxx;D;200904;000000;4890.6;4993.8;4766;4885;2799228
xxxx;D;200907;000000;4845;4997.8;4810;4975;1264674
xxxx;D;200908;000000;4980.2;5035;4660.2;4670.2;3248397
xxxx;D;200909;000000;4695;4759;4650;4743.4;1686076
xxxx;D;200910;000000;4738.8;4775;4585;4597.8;1788524
xxxx;D;200911;000000;4626;4692.2;4572.2;4662;1493158
xxxx;D;200914;000000;4680;4760;4665.2;4730;1131139
xxxx;D;200915;000000;4730.2;4836.8;4656;4685.8;1759118
xxxx;D;200916;000000;4704;4719.6;4608;4637;900653
xxxx;D;200917;000000;4606;4614;4483.4;4595;1633678
xxxx;D;200918;000000;4585;4643.6;4552;4628;1015803
xxxx;D;200921;000000;4615.2;4626.8;4488.2;4527.8;1002994
xxxx;D;200922;000000;4534;4900;4490;4900;3090318
xxxx;D;200923;000000;5100;5653.2;4941.6;5008.6;13054589
xxxx;D;200924;000000;5016.6;5045.8;4763.4;4775;2950463
xxxx;D;200925;000000;4797;4959.8;4710;4934;1839588
xxxx;D;200928;000000;4951.8;5119.8;4941.8;5080;1758903
xxxx;D;200929;000000;5074.4;5131;4940;5095;1482489
xxxx;D;200930;000000;5078.2;5106.8;5022.4;5062;704126
xxxx;D;201001;000000;5072.4;5108.6;4902;4928.8;1209875
xxxx;D;201002;000000;4907.8;4988.6;4844.8;4907;1192250
xxxx;D;201005;000000;4934;5010;4872.2;4980;816213
xxxx;D;201006;000000;4982.2;4999.2;4833.4;4869;1009472
xxxx;D;201007;000000;4891.8;4902.8;4740;4779.4;979550
xxxx;D;201008;000000;4800.4;4816.6;4690.2;4714.6;903958
xxxx;D;201009;000000;4732.2;4766;4620.8;4683;1093789
xxxx;D;201012;000000;4694;4794;4685;4759.8;965369
xxxx;D;201013;000000;4759.4;4855;4736.8;4838.8;1224955
xxxx;D;201014;000000;4843.6;4885.4;4752;4772;868759
xxxx;D;201015;000000;4756.6;4780;4677;4754.4;1013258
xxxx;D;201016;000000;4754.2;4779.8;4503;4530;2239810
xxxx;D;201019;000000;4551;4571.8;4427.2;4457;1424787
xxxx;D;201020;000000;4463.2;4494;4311.4;4340;1493008
xxxx;D;201021;000000;4351;4440;4263.6;4410.2;1857616
xxxx;D;201022;000000;4405;4508.6;4373;4455;1490652
xxxx;D;201023;000000;4443;4529.8;4435.2;4523.2;766336
xxxx;D;201026;000000;4499.6;4540.6;4450.2;4504;624050
xxxx;D;201027;000000;4500;4623;4475.6;4600.8;901719
xxxx;D;201028;000000;4590;4637;4500;4586;1388479
xxxx;D;201029;000000;4605;4655;4584.4;4637.2;992726
xxxx;D;201030;000000;4597.8;4619.6;4515;4561;651709
xxxx;D;201102;000000;4557.2;4685;4543.4;4589.2;843940
xxxx;D;201103;000000;4605;4627.8;4536;4591;858907
xxxx;D;201105;000000;4765;4867;4710.2;4854.8;1492806
xxxx;D;201106;000000;4830;4934.4;4780;4927;1023911
xxxx;D;201109;000000;4988;5077.8;4933.4;4985.4;1831036
xxxx;D;201110;000000;4976;4986;4696;4696;1651350
xxxx;D;201111;000000;4725.4;4813.6;4666.2;4724.8;1630908
xxxx;D;201112;000000;4709.6;4775;4703;4718.8;596016
xxxx;D;201113;000000;4748;4799.8;4732;4799;382448
xxxx;D;201116;000000;4806.2;4839.8;4705.2;4735.2;689840
xxxx;D;201117;000000;4745;4765;4632;4680;464480
xxxx;D;201118;000000;4662.4;4750;4641.2;4691.2;504218
xxxx;D;201119;000000;4698.2;4755;4678;4742.6;353059
xxxx;D;201120;000000;4744;4792.8;4720;4745.6;335322
xxxx;D;201123;000000;4750;4783;4680;4687.6;611856
xxxx;D;201124;000000;4711;4966.6;4695.4;4935.8;1518366
xxxx;D;201125;000000;4951.8;4960;4846;4946;836646
xxxx;D;201126;000000;4940.8;5034.8;4915.8;4985.2;621134
xxxx;D;201127;000000;5006.8;5170;4970.2;5115;988908
xxxx;D;201130;000000;5099.8;5418.4;5065.2;5278;3552109
xxxx;D;201201;000000;5308.2;5389.6;5240.4;5310.4;1215891
xxxx;D;201202;000000;5309;5327.2;5180.2;5193.6;785382
xxxx;D;201203;000000;5212;5245;5136.2;5166;524297
xxxx;D;201204;000000;5185.8;5228;5055.4;5065.2;821760
xxxx;D;201207;000000;5066;5113.2;4962.6;5002.2;729697
xxxx;D;201208;000000;5009.6;5077.8;4952.6;5066.4;777084
xxxx;D;201209;000000;5063.4;5230.8;5040;5094;970424
xxxx;D;201210;000000;5119.6;5189.8;4990.6;5169.2;760322
xxxx;D;201211;000000;5148;5194;5092.2;5124;493797
xxxx;D;201214;000000;5150.8;5160.8;5010.2;5040;593129
xxxx;D;201215;000000;5059;5109.4;5015;5050;385675
xxxx;D;201216;000000;5076;5204.8;5050;5198;537105
xxxx;D;201217;000000;5183.8;5283.6;5100.8;5145.4;926687
xxxx;D;201218;000000;5160.2;5209;5080.2;5082;761329
xxxx;D;201221;000000;5100;5139.8;4991.4;5004.4;874186
xxxx;D;201222;000000;5008.8;5095;4982;5084;423976
xxxx;D;201223;000000;5072.2;5149.8;5041.4;5113;351103
xxxx;D;201224;000000;5126.8;5137.8;4990.4;5029;335241
xxxx;D;201225;000000;5029;5049.8;5002;5039.8;91780
xxxx;D;201228;000000;5048.6;5078.4;4986.2;5026.4;337357
xxxx;D;201229;000000;5017;5065.2;4996;5020.4;342093
xxxx;D;201230;000000;5022;5183.2;5006.4;5167;475906
xxxx;D;210104;000000;5167.8;5235;5113;5185.2;574279
xxxx;D;210105;000000;5184;5389.4;5141;5340.4;688355
xxxx;D;210106;000000;5300;5338.8;5150;5188.8;806459
xxxx;D;210108;000000;5230.6;5323.4;5220;5254.2;892172
xxxx;D;210111;000000;5257.6;5303;5200.4;5214.2;797440
xxxx;D;210112;000000;5224.6;5270;5100.2;5121.8;626655
xxxx;D;210113;000000;5150;5198.6;5053;5079.8;554710
xxxx;D;210114;000000;5098;5132.4;5006;5077.4;740196
xxxx;D;210115;000000;5070;5128;4988.8;4998;796721
xxxx;D;210118;000000;5002;5061;4990;5043.6;534674
xxxx;D;210119;000000;5057;5069.8;4965.4;5008.8;646875
xxxx;D;210120;000000;5016;5178;4985;5170;819724
xxxx;D;210121;000000;5130.2;5167;5006.2;5069;1020112
xxxx;D;210122;000000;5036.8;5098.8;5010;5015.8;577323
xxxx;D;210125;000000;5039.4;5089;4860.4;4901.8;1249250
xxxx;D;210126;000000;4941.8;4984;4884.6;4898.2;1012315
xxxx;D;210127;000000;4909.2;4937;4775.4;4828.4;1030102
xxxx;D;210128;000000;4824.8;4917;4800.4;4876.2;478920
xxxx;D;210129;000000;4859.8;4879.2;4713.2;4760.6;809513
xxxx;D;210201;000000;4786.4;4857.8;4728.6;4847.4;573930
xxxx;D;210202;000000;4850.4;4999.8;4850.4;4997;846570
xxxx;D;210203;000000;4984;5005;4901.6;4917.2;673322
xxxx;D;210204;000000;4934;5018.6;4903.4;5016.6;686670
xxxx;D;210205;000000;4990.2;5024.6;4913;4973.6;580426
xxxx;D;210208;000000;4995.6;5075;4973.2;5060.4;555898
xxxx;D;210209;000000;5062.4;5170;4995.2;5147.2;787338
xxxx;D;210210;000000;5142.8;5349.6;5105;5306;1508444
xxxx;D;210211;000000;5310;5394;5229.6;5361.6;912316
xxxx;D;210212;000000;5374.6;5459.2;5265;5448;1040840
xxxx;D;210215;000000;5463.4;5549.6;5404;5478;576146
xxxx;D;210216;000000;5483.8;5517.2;5325.4;5348;1160561
xxxx;D;210217;000000;5348;5362.8;5100.2;5187;1368065
xxxx;D;210218;000000;5205;5207;5005.4;5007.8;1181958
xxxx;D;210219;000000;5035;5142;4951.2;5005;1449078
xxxx;D;210220;000000;5053.8;5067.6;5007;5064;196731
xxxx;D;210222;000000;5024.4;5048.8;4902.2;4918;908836
xxxx;D;210224;000000;4960;5032;4901.2;4928.2;1001828
xxxx;D;210225;000000;4945;4975;4821;4857.4;906961
xxxx;D;210226;000000;4851;4875.8;4762;4813.2;1438926
xxxx;D;210301;000000;4858.6;5009.2;4820.2;5004.6;1090605
xxxx;D;210302;000000;4968.4;5068.6;4960;5027;683676
xxxx;D;210303;000000;5054.8;5133;4875;4890.2;1021134
xxxx;D;210304;000000;4906.2;4953;4662.4;4718.2;1342783
xxxx;D;210305;000000;4729.8;4819.8;4626.8;4722.8;1438430
xxxx;D;210309;000000;4589.8;4769.2;4575;4707.6;1501368
xxxx;D;210310;000000;4720;4831.2;4652.8;4692;1117692
xxxx;D;210311;000000;4716;4898;4713.6;4889.8;941686
xxxx;D;210312;000000;4858.8;4963.6;4816;4960.4;757248
xxxx;D;210315;000000;4972;5063.8;4932;5039;1138969
xxxx;D;210316;000000;5049.2;5177.8;4957;5161.8;1550466
xxxx;D;210317;000000;5150;5150;4955;5037.6;1872694
xxxx;D;210318;000000;5061.6;5120;4826.2;4858;1791738
xxxx;D;210319;000000;4873;4954.8;4812.6;4880;1153421
xxxx;D;210322;000000;4894;4954.6;4875;4891;539226
xxxx;D;210323;000000;4890.6;4953.6;4853.8;4906;669877
xxxx;D;210324;000000;4910.2;4977.2;4825;4850;845120
xxxx;D;210325;000000;4851;4878.8;4683;4741;1120317
xxxx;D;210326;000000;4766.6;4833.8;4700.2;4785;798846
xxxx;D;210329;000000;4785;4835;4735;4830;620133
xxxx;D;210330;000000;4818.6;4818.6;4721;4788;715561
xxxx;D;210331;000000;4804.4;4915;4725;4859;1119731
xxxx;D;210401;000000;4886;4962.8;4868;4949.2;832481
xxxx;D;210402;000000;4960;4960;4890;4935;294486
xxxx;D;210405;000000;4935;4958.4;4884;4940;409203
xxxx;D;210406;000000;4937;4991.6;4917.8;4961.8;691979
xxxx;D;210407;000000;4963;4979.8;4822;4845.2;666770
xxxx;D;210408;000000;4872.4;4958;4850;4888;700448
xxxx;D;210409;000000;4885.2;4891.4;4794;4813;469363
xxxx;D;210412;000000;4806;4907;4777.2;4854.8;627250
xxxx;D;210413;000000;4865.2;4882;4510;4600;3817613
xxxx;D;210414;000000;4630;4721.4;4576.2;4661;2828314
xxxx;D;210415;000000;4636.6;4697.4;4617;4677.8;988193
xxxx;D;210416;000000;4683.8;4697;4650.6;4690;553149
xxxx;D;210419;000000;4695;4743.4;4650;4663.8;953222
xxxx;D;210420;000000;4679.4;4707;4621;4665.6;796491
xxxx;D;210421;000000;4667.8;4677.8;4631.4;4648;423533
xxxx;D;210422;000000;4642;4687;4590;4605;850772
xxxx;D;210423;000000;4623.2;4623.2;4521.4;4570.2;831281
xxxx;D;210426;000000;4570.2;4721;4558.8;4703.6;1112408
xxxx;D;210427;000000;4707;4776;4671;4732;993756
xxxx;D;210428;000000;4730.2;4857.8;4676.2;4834.8;2009902
xxxx;D;210429;000000;4851.4;5054.8;4834;5040;1769231
xxxx;D;210430;000000;5027.2;5048;4887.2;4934.8;1318008
xxxx;D;210504;000000;4910;4948;4742;4802.2;987366
xxxx;D;210505;000000;4821.6;4924.8;4815.2;4864.4;698437
xxxx;D;210506;000000;4859.6;4909;4751.2;4828.6;770602
xxxx;D;210507;000000;4839.8;4859;4785;4831.6;514574
xxxx;D;210510;000000;4824;4836.8;4690;4702.8;679601
xxxx;D;210511;000000;4685;4698;4570.8;4678;1203590
xxxx;D;210512;000000;4678;4731.4;4581.4;4601;964585
xxxx;D;210513;000000;4599.8;4659.8;4574;4638.4;836836
xxxx;D;210514;000000;4651.8;4699.2;4615.6;4687;503970
xxxx;D;210517;000000;4685;4706.6;4609.2;4704.2;537501
xxxx;D;210518;000000;4726;4814.6;4700;4740;967606
xxxx;D;210519;000000;4752;4755.2;4653;4741.6;594753
xxxx;D;210520;000000;4748;4762;4666;4750.8;549267
xxxx;D;210521;000000;4740;4796.6;4692;4767.2;635993
xxxx;D;210524;000000;4790.6;4900;4741.2;4891.8;785575
xxxx;D;210525;000000;4890.2;4928.8;4881.2;4897.8;489356
xxxx;D;210526;000000;4905.4;5005;4898.4;4995.4;728677
xxxx;D;210527;000000;4995;5020;4930;4962.2;1123473
xxxx;D;210528;000000;4980.8;5012.6;4920.2;4945;363633
xxxx;D;210531;000000;4974;4998.8;4916.2;4942;231371
xxxx;D;210601;000000;4950;5030;4890;4933;581810
xxxx;D;210602;000000;4933;4988;4895;4948;680065
xxxx;D;210603;000000;4979.2;4994;4886.6;4901.8;453756
xxxx;D;210604;000000;4914.4;4935.4;4861.2;4923.4;534795
xxxx;D;210607;000000;4923.4;4928.2;4865;4911.4;322039
xxxx;D;210608;000000;4912.4;4935.2;4871.8;4889.6;429070
xxxx;D;210609;000000;4899.8;5020;4865.2;4973;843246
xxxx;D;210610;000000;4968;5025;4930;5005.8;510385
xxxx;D;210611;000000;5020;5093.2;4975.6;5056.8;871342
xxxx;D;210614;000000;5070.6;5096.4;5037.2;5090;214712
xxxx;D;210615;000000;5087.4;5087.4;4910.2;4925;559238
xxxx;D;210616;000000;4931.6;4993;4899;4962.8;534296
xxxx;D;210617;000000;4952.6;5063;4928.2;5041.4;642669
xxxx;D;210618;000000;5032;5110;4951.6;5047;865518
xxxx;D;210621;000000;5047;5123;5002;5008.4;491552
xxxx;D;210622;000000;5016.8;5036;4982;5007;366983
xxxx;D;210623;000000;5008.8;5046.4;4985;5040;319871
xxxx;D;210624;000000;5050;5070;5007;5033;375630
xxxx;D;210625;000000;5040.2;5103;5020.6;5088;363564
xxxx;D;210628;000000;5088;5155;5064;5099.8;337688
xxxx;D;210629;000000;5102.8;5119.8;5027;5084.6;486779
xxxx;D;210630;000000;5084;5199;5071.2;5176.6;859944
xxxx;D;210701;000000;5179;5199;5089.4;5168.6;380605
xxxx;D;210702;000000;5140.6;5229.8;5127.6;5216;338974
xxxx;D;210705;000000;5230.2;5236.4;5191.2;5212.4;191960
xxxx;D;210706;000000;5209.4;5262.4;5163;5247.4;476766
xxxx;D;210707;000000;5248;5410;5235.6;5341.4;1001716
xxxx;D;210708;000000;5340;5379.8;5216;5354.2;619467
xxxx;D;210709;000000;5361.6;5361.6;5151;5235.8;625317
xxxx;D;210712;000000;5250.2;5296.8;5208.8;5281;349925
xxxx;D;210713;000000;5273.8;5298;5206.2;5256.8;374339
xxxx;D;210714;000000;5252.2;5278.8;5172.2;5177.8;382642
xxxx;D;210715;000000;5174;5238.8;5140;5188;313127
xxxx;D;210716;000000;5193.8;5235;5137.8;5150;345078
xxxx;D;210719;000000;5150;5179;5059.8;5109;545818
xxxx;D;210720;000000;5122.8;5127.6;5045.2;5095.4;332912
xxxx;D;210721;000000;5100;5165;5075.4;5151.2;260067
xxxx;D;210722;000000;5161.8;5198.8;5112;5165.8;381228
xxxx;D;210723;000000;5173.4;5198.8;5115;5196.4;304303
xxxx;D;210726;000000;5185.6;5237;5130;5155.2;669192
xxxx;D;210727;000000;5154.8;5177.2;4975.4;5035.2;740135
xxxx;D;210728;000000;5014;5137.4;5000.4;5076.8;692146
xxxx;D;210729;000000;5076.2;5095.8;5005;5034.6;505841
xxxx;D;210730;000000;5011;5026;4905;4970.4;954770
xxxx;D;210802;000000;4994;5007.6;4928;4938;353448
xxxx;D;210803;000000;4944.2;4972;4910.2;4934;445134
xxxx;D;210804;000000;4943.4;5019.8;4910;4989.6;479392
xxxx;D;210805;000000;4992.4;5032.2;4960.2;4995;376717
xxxx;D;210806;000000;4991;5025.2;4920;4971.2;393665
xxxx;D;210809;000000;4971.2;5007;4936;4971;268030
xxxx;D;210810;000000;4986.4;4994;4930.8;4966.2;276377
xxxx;D;210811;000000;4970;5065;4945;5036.4;453405
xxxx;D;210812;000000;5026;5068.6;4971;4984.4;369995
xxxx;D;210813;000000;4984.8;5000.4;4935;4975;214780
xxxx;D;210816;000000;4970;5093.4;4960;5093;581957
xxxx;D;210817;000000;5065;5139.8;5061.4;5065.2;536075
xxxx;D;210818;000000;5096.2;5127;5052.4;5055.2;294711
xxxx;D;210819;000000;5052;5115;4994.2;5065.6;506013
xxxx;D;210820;000000;5065.6;5113.8;5016;5061;287267
xxxx;D;210823;000000;5093;5124.8;5047;5104;303032
xxxx;D;210824;000000;5115;5159.2;5061.2;5159;372150
xxxx;D;210825;000000;5150;5155.4;5106;5129.6;248387
xxxx;D;210826;000000;5129.6;5233.8;5091;5219;399212
xxxx;D;210827;000000;5218;5326.8;5180;5308;593499
xxxx;D;210830;000000;5309.8;5405;5290;5352.4;570458
xxxx;D;210831;000000;5385.8;5647;5378;5615;1520571
xxxx;D;210901;000000;5624;5767.4;5565;5699.6;1061509
xxxx;D;210902;000000;5724.8;5773;5629.6;5636.4;709017
xxxx;D;210903;000000;5649.8;5738.2;5592;5732.6;525282
xxxx;D;210906;000000;5740;5860;5726.6;5804;382579
xxxx;D;210907;000000;5810;5828.6;5689;5690.8;618931
xxxx;D;210908;000000;5687.8;5759.8;5647.4;5712.6;543506
xxxx;D;210909;000000;5701.4;5766;5642;5735;411425
xxxx;D;210910;000000;5745.6;5896;5707.8;5868.4;450366
xxxx;D;210913;000000;5892.6;5948;5817;5939.2;513262
xxxx;D;210914;000000;5942;5988.6;5872;5973;533537
xxxx;D;210915;000000;5970.8;5990.4;5861.8;5892;504454
xxxx;D;210916;000000;5894;5986.4;5866.4;5872;659483
xxxx;D;210917;000000;5884;5924.8;5825.6;5828.4;543387
xxxx;D;210920;000000;5827;5877;5767;5785;494076
xxxx;D;210921;000000;5808;5839;5726;5771.8;379725
xxxx;D;210922;000000;5782;5796.6;5722;5755;382770
xxxx;D;210923;000000;5755;5890;5735;5885;354430
xxxx;D;210924;000000;5890;5890;5786;5850.4;272481
xxxx;D;210927;000000;5851;5980;5831.4;5949.2;694533
xxxx;D;210928;000000;5949.4;5964.8;5750.2;5788;509369
xxxx;D;210929;000000;5789.8;5880;5741;5762.4;351585
xxxx;D;210930;000000;5769.6;5849;5731;5804.6;501002
xxxx;D;211001;000000;5774;5843.8;5745.2;5766.4;334023
xxxx;D;211004;000000;5764.6;5774.6;5433.4;5504;937249
xxxx;D;211005;000000;5472.6;5639.6;5464.2;5594.2;930282
xxxx;D;211006;000000;5592;5699;5500;5694.2;764711
xxxx;D;211007;000000;5695.4;5767.8;5649.8;5705.2;756213
xxxx;D;211008;000000;5700.4;5729.6;5639.2;5701.6;498047
xxxx;D;211011;000000;5703.4;5736.8;5587.6;5622.2;446168
xxxx;D;211012;000000;5607;5653.6;5545;5549;491568
xxxx;D;211013;000000;5560;5629;5524.6;5553.8;483838
xxxx;D;211014;000000;5582.2;5619;5492.2;5518;578126
xxxx;D;211015;000000;5535;5546;5400.2;5427.2;589950
xxxx;D;211018;000000;5403.4;5489.2;5382;5488.8;349478
xxxx;D;211019;000000;5495;5540;5431;5480;498543
xxxx;D;211020;000000;5480.8;5526;5405.2;5420.2;414060
xxxx;D;211021;000000;5415.8;5449;5370;5390;364841
xxxx;D;211022;000000;5392;5434.8;5308.6;5325.8;444860
xxxx;D;211025;000000;5340.6;5422;5319;5383;429465
xxxx;D;211026;000000;5415.6;5432;5283.8;5309.6;440939
xxxx;D;211027;000000;5315;5628.6;5241.4;5573.8;1334260
xxxx;D;211028;000000;5558;5872.4;5542;5823;1468815
xxxx;D;211029;000000;5808;5913.6;5742;5879.2;1104111
xxxx;D;211101;000000;5868.8;5947.4;5767;5890;575423
xxxx;D;211102;000000;5891;5974;5866.2;5942.4;434415
xxxx;D;211103;000000;5939.6;6046.6;5880.2;6027;552118
xxxx;D;211105;000000;6027;6145;5964.2;6120;794367
xxxx;D;211108;000000;6148;6217;6080;6161;625313
xxxx;D;211109;000000;6148.8;6188;5981.2;5990.4;474570
xxxx;D;211110;000000;5991;6057;5847;5857.8;554560
xxxx;D;211111;000000;5884.8;6024.8;5843.2;5966.6;457431
xxxx;D;211112;000000;5967;6023.8;5835.6;5970.2;870653
xxxx;D;211115;000000;5970;6045.6;5894;5928.4;498364
xxxx;D;211116;000000;5926.8;5962;5875.8;5936.4;391602
xxxx;D;211117;000000;5930.2;5957.6;5870.2;5931.6;317165
xxxx;D;211118;000000;5925;5995.8;5894.4;5993.8;323139
xxxx;D;211119;000000;6000;6150;5916;5968.8;668218
xxxx;D;211122;000000;5982.6;6048.6;5339.8;5450;2336930
xxxx;D;211123;000000;5430;5659.8;5372;5571;1531834
xxxx;D;211124;000000;5593.6;5640;5435;5542.2;1007009
xxxx;D;211125;000000;5565;5639.8;5526.2;5552.8;339351
xxxx;D;211126;000000;5416;5530.2;5316.2;5380;1248733
xxxx;D;211129;000000;5396.2;5529;5333;5407;1150358
xxxx;D;211130;000000;5353;5510;5261.2;5359.4;1632445
xxxx;D;211201;000000;5412;5458.6;5330;5330.8;616813
xxxx;D;211202;000000;5338.4;5412.6;5185;5255;954482
xxxx;D;211203;000000;5255.6;5283;5073;5100.6;880048
xxxx;D;211206;000000;5115;5169;4905;5068;820348
xxxx;D;211207;000000;5080;5178;4983.2;4992;978799
xxxx;D;211208;000000;5016;5071.2;4775;4932.2;1047121
xxxx;D;211209;000000;4940;5013.2;4825;4853.6;897646
xxxx;D;211210;000000;4864;4887;4650;4664;1103320
xxxx;D;211213;000000;4675;4728.8;4505;4560;1414380
xxxx;D;211214;000000;4559.8;4675;4237.2;4586.4;1153004
xxxx;D;211215;000000;4597.4;4619;4462;4511.6;826761
xxxx;D;211216;000000;4526;4810.4;4505.6;4609.6;1817718
xxxx;D;211217;000000;4610;4700.6;4541;4630.2;1105894
xxxx;D;211220;000000;4598;4649.4;4471.2;4474.8;771984
xxxx;D;211221;000000;4490;4603.6;4480.4;4578.8;629884
xxxx;D;211222;000000;4621;4650.2;4488;4488.4;916480
xxxx;D;211223;000000;4500;4539.6;4366;4410.6;801704
xxxx;D;211224;000000;4425.6;4449;4325.8;4424.8;553474
xxxx;D;211227;000000;4428;4500;4427;4467.8;597408
xxxx;D;211228;000000;4475;4535;4457.6;4482;697962
xxxx;D;211229;000000;4482.2;4528.6;4380;4418.8;887117
xxxx;D;211230;000000;4426.6;4584.6;4409.6;4569.4;755485
xxxx;D;220103;000000;4570;4631.8;4503.2;4515.2;848647
xxxx;D;220104;000000;4525.8;4577;4413;4479.8;906790
xxxx;D;220105;000000;4477;4477;4270;4275;990732
xxxx;D;220106;000000;4275;4374.2;4206.2;4226.6;1177922
xxxx;D;220110;000000;4194;4262.4;4061.4;4196.4;1491994
xxxx;D;220111;000000;4217.2;4398.6;4177.8;4338.2;1677241
xxxx;D;220112;000000;4355;4464.8;4330;4393.2;1487477
xxxx;D;220113;000000;4393;4450;4150;4168;1978967
xxxx;D;220114;000000;4175.2;4250;3726;3938.6;3328471
xxxx;D;220117;000000;3953.2;4088.8;3875;4075.6;1906402
xxxx;D;220118;000000;4084.6;4115.6;3739;3769;2665731
xxxx;D;220119;000000;3770.2;3968.6;3570;3701.8;3633679
xxxx;D;220120;000000;3705;3860;3665;3669.2;2675018
xxxx;D;220121;000000;3650.8;3748.2;3475.2;3490;2983581
xxxx;D;220124;000000;3495;3550;3094.8;3345;4851065
xxxx;D;220125;000000;3325.2;3477;3225;3409.2;3461723
xxxx;D;220126;000000;3424;3563.8;3314.4;3364.8;3250109
xxxx;D;220127;000000;3320;3595;3276;3405.2;4035166
xxxx;D;220128;000000;3421;3525;3371.6;3448.4;3395043
xxxx;D;220131;000000;3487;3718.2;3456;3717.6;2663098
xxxx;D;220201;000000;3715;3944.8;3662.8;3724;3344738
xxxx;D;220202;000000;3749;3840;3640;3675;2710466
xxxx;D;220203;000000;3629.8;3635.6;3483.4;3517;2413099
xxxx;D;220204;000000;3575;3644;3460.6;3502.4;2120916
xxxx;D;220207;000000;3511.4;3550;3422.8;3468;1247103
xxxx;D;220208;000000;3477.8;3625.8;3452.8;3624.2;1924481
xxxx;D;220209;000000;3640;3777;3633.6;3763;2115707
xxxx;D;220210;000000;3760;3900.2;3651.8;3805;2899424
xxxx;D;220211;000000;3789.4;3828;3400;3429.8;3928913
xxxx;D;220214;000000;3428.2;3540;3306.8;3471.4;4795126
xxxx;D;220215;000000;3518.4;3992.8;3497.4;3953.2;7828656
xxxx;D;220216;000000;3981;4184.4;3893;4044.8;5892747
xxxx;D;220217;000000;4044;4044;3737.2;3772.6;4475290
xxxx;D;220218;000000;3800;3880;3457;3475.4;5000023
xxxx;D;220221;000000;3465;3648.8;2845;3065.8;10649817
xxxx;D;220222;000000;3027.4;3409.8;2900;3154.8;10240422
xxxx;D;220224;000000;2954;2954;1700;1990;9011283
xxxx;D;220225;000000;1949.8;2385;1900;1931.2;5757694
xxxx;D;220329;000000;2010;2173;1932;2020;2573925
xxxx;D;220330;000000;2100.2;2250;2025;2154;1740526
xxxx;D;220331;000000;2220.2;2290;2155;2259;1676144
xxxx;D;220401;000000;2299.4;2460;2280;2325;2138371
xxxx;D;220404;000000;2370.2;2420;2201;2285;1768864
xxxx;D;220405;000000;2299;2340;2020;2158.4;1723047
xxxx;D;220406;000000;2109;2145;2025;2070.8;1395892
xxxx;D;220407;000000;2072;2246.2;2071;2130;1406513
xxxx;D;220408;000000;2172;2188.6;2075;2115;620413
xxxx;D;220411;000000;2120.8;2160;2071;2097;428052
xxxx;D;220412;000000;2099.8;2115;1980.8;2074;471934
xxxx;D;220413;000000;2081;2115;2050;2088;243959
xxxx;D;220414;000000;2087;2099.2;1943;1945.2;511030
xxxx;D;220415;000000;1955.8;1996;1900.2;1979.6;342649
xxxx;D;220418;000000;1997.2;2019.2;1871.2;1880.2;419550
xxxx;D;220419;000000;1885;1910.6;1732.2;1857.6;784163
xxxx;D;220420;000000;1870;1890;1782.4;1789.8;780645
xxxx;D;220421;000000;1798.2;1808.6;1642.8;1646;969505
xxxx;D;220422;000000;1668.6;1695;1532;1692;1132432
xxxx;D;220425;000000;1692.4;1698;1520;1520.8;816131
xxxx;D;220426;000000;1520.2;1628;1500;1600.8;979187
xxxx;D;220427;000000;1619;1770;1587;1748.6;914538
xxxx;D;220428;000000;1761;1928.6;1717;1721;1223911
xxxx;D;220429;000000;1735;1817.6;1734.2;1766.6;394680
xxxx;D;220504;000000;1792.2;1813.6;1684.2;1699;368114
xxxx;D;220505;000000;1717.8;1751.8;1703;1734.4;187108
xxxx;D;220506;000000;1730;1731.4;1655;1688;199869
xxxx;D;220511;000000;1688.2;1728.6;1634;1677.4;255168
xxxx;D;220512;000000;1670.4;1681.2;1543.6;1594;259497
xxxx;D;220513;000000;1604.6;1624.6;1574.2;1593;120870
xxxx;D;220516;000000;1618;1679;1562;1638.2;265490
xxxx;D;220517;000000;1658.2;1707;1649.8;1701;204637
xxxx;D;220518;000000;1708;1795;1701.8;1715.8;321392
xxxx;D;220519;000000;1699;1713;1640;1705;203252
xxxx;D;220520;000000;1721.8;1733.4;1600;1646;260762
xxxx;D;220523;000000;1640;1673.8;1570.6;1592.8;199081
xxxx;D;220524;000000;1590.2;1629;1530.2;1590;196650
xxxx;D;220525;000000;1594;1636;1572;1608;187667
xxxx;D;220526;000000;1617.8;1708.6;1608;1670;460793
xxxx;D;220527;000000;1685.6;1705;1630;1644;220303
xxxx;D;220530;000000;1652.6;1663;1592.2;1597.6;213919
xxxx;D;220531;000000;1590;1602;1550.4;1567.8;151631
xxxx;D;220601;000000;1567;1623;1559;1586;226402
xxxx;D;220602;000000;1590;1607.6;1564.6;1592;203846
xxxx;D;220603;000000;1591;1620;1366.4;1497;1367133
xxxx;D;220606;000000;1504.6;1525.6;1385;1399.8;903197
xxxx;D;220607;000000;1395;1442.6;1333;1438;759930
xxxx;D;220608;000000;1450;1495;1441.4;1456.2;368870
xxxx;D;220609;000000;1458;1461.2;1382;1401.4;379390
xxxx;D;220610;000000;1390;1470;1350;1400.8;492575
xxxx;D;220614;000000;1380;1429.2;1360;1386;323484
xxxx;D;220615;000000;1390.6;1407.8;1380.2;1390;239546
xxxx;D;220616;000000;1404;1457;1390;1456.2;473524
xxxx;D;220617;000000;1460.4;1511.4;1433.4;1465;453160
xxxx;D;220620;000000;1468;1566;1467.8;1560.8;569095
xxxx;D;220621;000000;1574;1629;1531.2;1533.8;591291
xxxx;D;220622;000000;1525;1600;1500.4;1600;331398
xxxx;D;220623;000000;1603.6;1669;1581;1662;460065
xxxx;D;220624;000000;1665;1680;1610.4;1645;245110
xxxx;D;220627;000000;1660;1779;1645.2;1779;522537
xxxx;D;220628;000000;1781.2;1781.2;1731.2;1750;394456
xxxx;D;220629;000000;1748;1748.8;1666.2;1712;309255
xxxx;D;220630;000000;1710;1730;1565.8;1603.8;489807
xxxx;D;220701;000000;1595.2;1627;1552;1596;215038
xxxx;D;220704;000000;1604.6;1688;1571.8;1660;316882
xxxx;D;220705;000000;1679.8;1742;1660;1701.4;357880
xxxx;D;220706;000000;1720.4;1748;1634.8;1655;400756
xxxx;D;220707;000000;1660.2;1729;1660.2;1711;417994
xxxx;D;220708;000000;1720.2;1739.4;1685.4;1704;261884
xxxx;D;220711;000000;1706;1740;1660;1678;359813
xxxx;D;220712;000000;1679.8;1680.6;1595;1660.6;409730
xxxx;D;220713;000000;1660.6;1688.8;1586;1600;239032
xxxx;D;220714;000000;1610.2;1669;1572;1613.6;304258
xxxx;D;220715;000000;1626;1642;1602.6;1638.6;225685
xxxx;D;220718;000000;1650;1719.6;1645;1696;436145
xxxx;D;220719;000000;1699.8;1705.8;1645;1672.4;313716
xxxx;D;220720;000000;1680;1748;1670.4;1715.4;438717
xxxx;D;220721;000000;1720.6;1733.8;1658.6;1701;216408
xxxx;D;220722;000000;1708;1804;1706.2;1800;606519
xxxx;D;220725;000000;1827;1978.8;1810;1973;1198889
xxxx;D;220726;000000;1994;2170;1975.2;2136;2860775
xxxx;D;220727;000000;2149;2150;2020;2072;1808534
xxxx;D;220728;000000;2085;2109;2038;2063;569081
xxxx;D;220729;000000;2055;2078;1950;1952;1286947
xxxx;D;220801;000000;1948;1973;1852.2;1926.2;979741
xxxx;D;220802;000000;1922.8;1948;1860.2;1891.2;642364
xxxx;D;220803;000000;1898;1986.2;1895;1956;709763
xxxx;D;220804;000000;1985;2032;1975;2000;704153
xxxx;D;220805;000000;2030.4;2030.4;1811.2;1837;1358695
xxxx;D;220808;000000;1984;1985.6;1893;1933;896927
xxxx;D;220809;000000;1935;1949;1887.6;1944.4;428532
xxxx;D;220810;000000;1944.4;1989;1930.2;1971.8;392508
xxxx;D;220811;000000;1981;2014.4;1901;1915.6;570623
xxxx;D;220812;000000;1915;1948.8;1888.8;1903;507510
xxxx;D;220815;000000;1908.8;1933;1872.2;1904;349933
xxxx;D;220816;000000;1917.6;1940.8;1901;1935;226498
xxxx;D;220817;000000;1940;1979.2;1930.2;1958;316563
xxxx;D;220818;000000;1962;1975;1943;1966;207864
xxxx;D;220819;000000;1964;1965;1920;1936.6;191253
xxxx;D;220822;000000;1936.6;2022;1920.4;2006;578456
xxxx;D;220823;000000;2011.8;2089;2011;2082.2;756212
xxxx;D;220824;000000;2095;2123;2070;2085.2;535171
xxxx;D;220825;000000;2086;2120;2085;2118.8;424759
xxxx;D;220826;000000;2120;2130;2089.4;2100;309737
xxxx;D;220829;000000;2100;2112;2081.8;2105;281092
xxxx;D;220830;000000;2107.6;2205;2096;2190;1021768
xxxx;D;220831;000000;2199;2236;2111.2;2170.6;692807
xxxx;D;220901;000000;2180;2195.4;2150.4;2178;300430
xxxx;D;220902;000000;2177.6;2180;2116;2150;423558
xxxx;D;220905;000000;2155;2160;2121.6;2155;210953
xxxx;D;220906;000000;2156.6;2183;2007.2;2070;856283
xxxx;D;220907;000000;2071;2105.6;2034;2076;385611
xxxx;D;220908;000000;2076;2095;2036;2064;303647
xxxx;D;220909;000000;2071.2;2095;2042;2093;243031
xxxx;D;220912;000000;2089.8;2181.6;2078;2148.6;797013
xxxx;D;220913;000000;2160;2206.6;2142.4;2191.4;786628
xxxx;D;220914;000000;2192.8;2192.8;2109.4;2167.4;521919
xxxx;D;220915;000000;2166;2195;2151.2;2177.6;421177
xxxx;D;220916;000000;2180;2238;2175;2206;780976
xxxx;D;220919;000000;2207;2250;2198;2230;513110
xxxx;D;220920;000000;2238.6;2254;1890;2010;3596874
xxxx;D;220921;000000;1782.2;1978;1688.6;1899.4;2208774
xxxx;D;220922;000000;1902.6;1969.8;1892.4;1916.8;976973
xxxx;D;220923;000000;1922.8;1923;1750;1791.8;1516226
xxxx;D;220926;000000;1752;1762;1505;1543;2233701
xxxx;D;220927;000000;1580;1715;1575;1713.2;1710834
xxxx;D;220928;000000;1713.2;1796;1669.2;1780;1811098
xxxx;D;220929;000000;1803.6;1880;1756;1840.6;1819649
xxxx;D;220930;000000;1840;1940;1801.2;1877.6;2255911
xxxx;D;221003;000000;1877.8;1959.6;1868;1959;935982
xxxx;D;221004;000000;1968;2004;1901;1985;1244927
xxxx;D;221005;000000;1988.6;2059.4;1940.4;2029.8;1989674
xxxx;D;221006;000000;2043.6;2056;1977;2004.4;892275
xxxx;D;221007;000000;1993;1995.4;1913;1930.2;931770
xxxx;D;221010;000000;1810.2;1999.8;1810;1998;1415111
xxxx;D;221011;000000;2003;2037.8;1986;2006.6;848118
xxxx;D;221012;000000;2018.2;2058.8;1986;2044;837060
xxxx;D;221013;000000;2044.2;2089;2005.6;2032;1076310
xxxx;D;221014;000000;2035.2;2052;1967.2;1991;867035
xxxx;D;221017;000000;1998.8;2024.6;1983.6;2022.2;474896
xxxx;D;221018;000000;2034.4;2045;1953.4;1968;609477
xxxx;D;221019;000000;1969.2;1995;1871.6;1927.4;1426467
xxxx;D;221020;000000;1933.6;1955.2;1907;1928.8;539142
xxxx;D;221021;000000;1929.2;1982.4;1910.8;1976;446510
xxxx;D;221024;000000;1983.6;2012;1950.8;1973.4;351982
xxxx;D;221025;000000;1977;2026.8;1957;2020.2;471649
xxxx;D;221026;000000;2029.6;2036.8;1984.8;2008;462700
xxxx;D;221027;000000;2018.2;2038.6;2002.6;2021;414126
xxxx;D;221028;000000;2011.4;2026.8;1962.8;2021.8;472134
xxxx;D;221031;000000;2029.8;2109;2025;2109;803901
xxxx;D;221101;000000;2118.8;2160;2097;2157;747789
xxxx;D;221102;000000;2160;2165;2055;2110;574029
xxxx;D;221103;000000;2110.2;2134;2080;2119;802545
xxxx;D;221107;000000;2145.8;2162;2130;2151.6;573914
xxxx;D;221108;000000;2154.8;2165;2111.2;2127.6;343905
xxxx;D;221109;000000;2128;2128.6;2035.4;2060.4;606343
xxxx;D;221110;000000;2064.6;2129;2040;2111.6;491571
xxxx;D;221111;000000;2119.4;2139.6;2111.8;2122.2;328278
xxxx;D;221114;000000;2126.4;2150;2102.6;2132.4;317835
xxxx;D;221115;000000;2140;2184;1950;2071.6;1055573
xxxx;D;221116;000000;2090;2124;2066;2114.2;325735
xxxx;D;221117;000000;2115.2;2128.6;2081.2;2097.8;184839
xxxx;D;221118;000000;2097;2110.4;2065;2098.2;231699
xxxx;D;221121;000000;2091;2102.4;2038;2068;378347
xxxx;D;221122;000000;2067;2095.2;2050;2083.8;202290
xxxx;D;221123;000000;2085.8;2159.4;2061;2135;669003
xxxx;D;221124;000000;2151;2154.6;2108.4;2130;345805
xxxx;D;221125;000000;2120;2153;2006;2020.4;1924598
xxxx;D;221128;000000;1994.8;1995.6;1885.8;1914.2;2241618
xxxx;D;221129;000000;1918.8;1992;1916.4;1986.2;1182505
xxxx;D;221130;000000;1988.2;2014.6;1954.8;1996.6;762512
xxxx;D;221201;000000;1999.8;2003.6;1960;1980.2;411776
xxxx;D;221202;000000;1980;1980.2;1957.2;1971.2;268044
xxxx;D;221205;000000;1969;2004.4;1968.2;1985.8;600269
xxxx;D;221206;000000;1988.6;2000;1961.6;1989.4;367212
xxxx;D;221207;000000;1989.4;1989.8;1962;1976.4;218390
xxxx;D;221208;000000;1976.8;1984.8;1940.8;1958.4;312388
xxxx;D;221209;000000;1955.6;1963;1933;1949.4;193187
xxxx;D;221212;000000;1950;1959.6;1910;1921.8;279073
xxxx;D;221213;000000;1925;1927;1881;1899.2;489237
xxxx;D;221214;000000;1899.2;1899.8;1826.4;1851;749148
xxxx;D;221215;000000;1850;1883;1823.6;1849.6;567164
xxxx;D;221216;000000;1851.2;1862.2;1830.8;1836.4;255675
xxxx;D;221219;000000;1830;1834.8;1762.4;1768.8;582864
xxxx;D;221220;000000;1765;1845;1764.6;1842;507271
xxxx;D;221221;000000;1856.4;1878;1791.2;1833.8;521557
xxxx;D;221222;000000;1837;1865;1810;1847;424790
xxxx;D;221223;000000;1846.6;1847;1811;1821.2;400956
xxxx;D;221226;000000;1826.4;1829.8;1793;1811.4;393506
xxxx;D;221227;000000;1817.4;1849.6;1797.2;1834;356130
xxxx;D;221228;000000;1835.2;1846;1811;1815.8;347826
xxxx;D;221229;000000;1817;1828.2;1806.2;1819.6;233511
xxxx;D;221230;000000;1812.2;1823;1791;1817.8;370215
xxxx;D;230103;000000;1817.2;1839;1805.8;1832;209699
xxxx;D;230104;000000;1834;1877;1827.2;1867;221737
xxxx;D;230105;000000;1871.6;1886.8;1841.2;1855.4;156597
xxxx;D;230106;000000;1856.2;1864.4;1845;1850.4;74490
xxxx;D;230109;000000;1857.2;1874.2;1850;1866.8;216289
xxxx;D;230110;000000;1869;1873.8;1855;1870;195392
xxxx;D;230111;000000;1874.8;1909.6;1873;1909;306673
xxxx;D;230112;000000;1909;1914.8;1886.8;1897.8;202326
xxxx;D;230113;000000;1898;1914.6;1883.4;1912;208163
xxxx;D;230116;000000;1925.6;1955;1923;1953.8;313669
xxxx;D;230117;000000;1956.4;1958.4;1869.8;1889.6;533009
xxxx;D;230118;000000;1889;1931.8;1872.8;1906.6;407744
xxxx;D;230119;000000;1910.2;1914;1873.2;1882.4;195959
xxxx;D;230120;000000;1877.8;1913.8;1871.2;1904.8;307976
xxxx;D;230123;000000;1909.4;1948;1903.2;1945;338606
xxxx;D;230124;000000;1949.4;1959.8;1912.2;1919.8;422587
xxxx;D;230125;000000;1920.2;1927.6;1897.2;1914.8;236938
xxxx;D;230126;000000;1910;1924.8;1885;1902.8;249891
xxxx;D;230127;000000;1902;1916;1897.6;1912;154186
xxxx;D;230130;000000;1912;1938.6;1912;1934;188721
xxxx;D;230131;000000;1938.6;2047.4;1934;2047.2;1186473
xxxx;D;230201;000000;2051;2128;2036.2;2088;1729949
xxxx;D;230202;000000;2098.6;2102.6;2055;2075;418666
xxxx;D;230203;000000;2074.4;2074.4;2025;2055.8;537014
xxxx;D;230206;000000;2070;2108;2070;2094.6;763152
xxxx;D;230207;000000;2090;2104.2;2061;2076.6;441443
xxxx;D;230208;000000;2080;2080;2036;2060.2;421100
xxxx;D;230209;000000;2057.2;2058.6;2032;2040.4;245384
xxxx;D;230210;000000;2046.2;2065.2;2032.8;2060.8;321474
xxxx;D;230213;000000;2071.4;2092.4;2057.8;2065.2;397668
xxxx;D;230214;000000;2064.6;2065;1994;2028.6;795370
xxxx;D;230215;000000;2030.4;2048;1921.6;1969.2;1833428
xxxx;D;230216;000000;1981;2023;1958;1976.4;624540
xxxx;D;230217;000000;1975;1987.8;1956;1971;331242
xxxx;D;230220;000000;1968;1968;1913;1958;448046
xxxx;D;230221;000000;1969.8;2034.8;1960;1993.8;820897
xxxx;D;230222;000000;1998.4;1999.6;1969.8;1980.4;242025
xxxx;D;230224;000000;1986.4;1998.2;1980.4;1986.6;142949
xxxx;D;230227;000000;1949;2025;1930.2;2007.4;666089
xxxx;D;230228;000000;2014.8;2036;2010;2015;352946
xxxx;D;230301;000000;2019.8;2040;2015;2033.8;342963
xxxx;D;230302;000000;2037.8;2037.8;1955.2;1970.8;1220219
xxxx;D;230303;000000;1970.6;1991.2;1932.4;1984.2;355224
xxxx;D;230306;000000;1996.8;1999.2;1964;1973;588584
xxxx;D;230307;000000;1974.8;1978.6;1956.2;1961.8;337990
xxxx;D;230309;000000;1963.4;1970.4;1935.4;1942;464950
xxxx;D;230310;000000;1933.8;1940;1911;1917;477838
xxxx;D;230313;000000;1919.6;1939.6;1880.4;1907.4;679374
xxxx;D;230314;000000;1912.2;1913.8;1886;1901.2;382695
xxxx;D;230315;000000;1906.8;1910.8;1860;1864.2;543086
xxxx;D;230316;000000;1856.4;1882;1812;1851;1259109
xxxx;D;230317;000000;1859.6;1899.2;1847.2;1898;672443
xxxx;D;230320;000000;1900;1915;1881;1910;664723
xxxx;D;230321;000000;1915;1920;1866;1887.6;463924
xxxx;D;230322;000000;1885;1903.4;1866.6;1887.8;368458
xxxx;D;230323;000000;1887.8;1907.6;1885.2;1902;263327
xxxx;D;230324;000000;1902.8;1909;1880;1886.4;183485
xxxx;D;230327;000000;1889.8;1920;1889.8;1919.6;370357
xxxx;D;230328;000000;1923.4;1947;1920.8;1929.6;352927
xxxx;D;230329;000000;1932.8;1936.8;1907;1919.6;271441
xxxx;D;230330;000000;1919.6;1926.4;1911;1917.4;229580
xxxx;D;230331;000000;1921;1921.4;1888.4;1901.6;304340
xxxx;D;230403;000000;1910;1919;1902.6;1913;225021
xxxx;D;230404;000000;1916.8;1925;1896.4;1905;345392
xxxx;D;230405;000000;1905;1909;1892;1907.2;201662
xxxx;D;230406;000000;1907.2;1934;1906.2;1912.8;421606
xxxx;D;230407;000000;1918.2;1925;1910.4;1919.8;196181
xxxx;D;230410;000000;1924.6;1998.2;1922.2;1993;1385988
xxxx;D;230411;000000;1998;2019;1927.8;1952.2;1079024
xxxx;D;230412;000000;1963;1969.8;1935.2;1953.6;308677
xxxx;D;230413;000000;1958.4;1966.8;1942;1954;243595
xxxx;D;230414;000000;1957.4;1959.6;1940;1945;177435
xxxx;D;230417;000000;1954.8;1980;1948;1964.8;334304
xxxx;D;230418;000000;1970.2;1985;1953;1981.4;422683
xxxx;D;230419;000000;1983;2028.2;1962;1989.6;1005697
xxxx;D;230420;000000;1998.4;2100;1963.2;2098.6;1934542
xxxx;D;230421;000000;2106.6;2128.6;2062;2086.8;1228499
xxxx;D;230424;000000;2088.2;2108.2;2065.8;2080;504264
xxxx;D;230425;000000;2086.4;2088.2;2044;2059.4;408219
xxxx;D;230426;000000;2064;2125;2059.6;2113;1088025
xxxx;D;230427;000000;2123.2;2159;2082;2101.6;1688385
xxxx;D;230428;000000;2103;2108;2050.2;2070.6;624462
xxxx;D;230502;000000;2075;2099;1980;2015;1005583
xxxx;D;230503;000000;2020.2;2021.6;1922.2;1930.4;1078287
xxxx;D;230504;000000;1935;1992.4;1930.2;1979.6;709407
xxxx;D;230505;000000;1979;1988.2;1946.2;1948;425180
xxxx;D;230508;000000;1949.6;1969;1930.4;1943;165104
xxxx;D;230510;000000;1950.2;2012;1945.8;2008.8;656703
xxxx;D;230511;000000;2025;2052;1961;2007.2;1232151
xxxx;D;230512;000000;2000;2017;1991;2012;351201
xxxx;D;230515;000000;2019;2050;2013.2;2049.6;412179
xxxx;D;230516;000000;2056.6;2063.6;2022;2045.6;368067
xxxx;D;230517;000000;2047.4;2077.8;2028;2058;452798
xxxx;D;230518;000000;2065.2;2072.8;2026;2032.8;442803
xxxx;D;230519;000000;2033;2285.4;2020;2223.2;6556578
xxxx;D;230522;000000;2300.2;2371.4;2235;2300;3706710
xxxx;D;230523;000000;2315.6;2330;2212.2;2242.8;1419528
xxxx;D;230524;000000;2244;2256.4;2172.2;2220;1035691
xxxx;D;230525;000000;2223;2350;2165.6;2350;3407501
xxxx;D;230526;000000;2355;2357.6;2294.2;2322;1086132
xxxx;D;230529;000000;2334.8;2410;2295.6;2390;1486072
xxxx;D;230530;000000;2314.8;2385;2263;2303.6;1688009
xxxx;D;230531;000000;2298.6;2353;2244.2;2324.2;1036049
xxxx;D;230601;000000;2328;2356;2294.8;2313.4;658567
xxxx;D;230602;000000;2324;2348;2292.2;2343.6;556883
xxxx;D;230605;000000;2340;2383.2;2282;2305.8;928435
xxxx;D;230606;000000;2293.6;2334.6;2260.2;2323.2;679461
xxxx;D;230607;000000;2324;2430;2310.6;2425.4;1489138
xxxx;D;230608;000000;2427.2;2523;2426;2520;2586239
xxxx;D;230609;000000;2532.4;2557;2481;2506.6;1358360
xxxx;D;230613;000000;2506.4;2568;2470;2566.8;944727
xxxx;D;230614;000000;2571.6;2655;2550.4;2620;1534499
xxxx;D;230615;000000;2637.2;2649;2557;2600;1329104
xxxx;D;230616;000000;2608;2615;2500.8;2547;2370797
xxxx;D;230619;000000;2546.8;2555.6;2475;2510.4;1029648
xxxx;D;230620;000000;2504;2560;2461;2510.6;833029
xxxx;D;230621;000000;2515;2542;2490.8;2529.6;508468
xxxx;D;230622;000000;2529;2537.2;2474;2492.6;462510
xxxx;D;230623;000000;2482.4;2487.6;2372;2393.4;1870074
xxxx;D;230626;000000;2415.2;2448;2294;2379;1918491
xxxx;D;230627;000000;2398;2443.8;2351.8;2431.4;960518
xxxx;D;230628;000000;2437.8;2472;2420.2;2462;879220
xxxx;D;230629;000000;2475.6;2497;2458.2;2468.6;493741
xxxx;D;230630;000000;2473.4;2487.4;2420.6;2439.6;395416
xxxx;D;230703;000000;2455.2;2457;2381;2402.8;682277
xxxx;D;230704;000000;2405;2416;2296;2366;788339
xxxx;D;230705;000000;2380;2421;2370;2403.6;478324
xxxx;D;230706;000000;2405.8;2427.8;2370;2390.2;492431
xxxx;D;230707;000000;2389.6;2390;2337;2365.6;712980
xxxx;D;230710;000000;2371;2408;2355;2407.6;762839
xxxx;D;230711;000000;2409;2463.2;2404.2;2462;775599
xxxx;D;230712;000000;2471.2;2477.6;2420.4;2445;640511
xxxx;D;230713;000000;2454.2;2479;2425.6;2464.6;672972
xxxx;D;230714;000000;2464.4;2557.6;2450;2555;1748439
xxxx;D;230717;000000;2515;2580.6;2491;2538.4;1383298
xxxx;D;230718;000000;2538.4;2600;2536;2590;1107819
xxxx;D;230719;000000;2591;2609;2550.8;2571.6;950394
xxxx;D;230720;000000;2571.6;2578.6;2481;2492.2;1177511
xxxx;D;230721;000000;2493.2;2537.6;2492.6;2532;671540
xxxx;D;230724;000000;2542.2;2633.8;2537;2630;1380687
xxxx;D;230725;000000;2640;2662;2611.2;2642.6;1325161
xxxx;D;230726;000000;2642.4;2666.4;2611.6;2655.2;1112951
xxxx;D;230727;000000;2665;2685;2616;2630;1775094
xxxx;D;230728;000000;2630;2642;2613;2636;766960
xxxx;D;230731;000000;2641.6;2652.8;2605;2635;1013540
xxxx;D;230801;000000;2635;2717.2;2612.8;2670;1678138
xxxx;D;230802;000000;2670;2727;2666.2;2709.4;1646149
xxxx;D;230803;000000;2709.4;2785;2695;2780;1252199
xxxx;D;230804;000000;2785.4;2872;2657.4;2731;3358650
xxxx;D;230807;000000;2750;2795.6;2662.4;2709;1186646
xxxx;D;230808;000000;2700;2730;2627.2;2728.6;1044187
xxxx;D;230809;000000;2732.4;2748;2694.4;2723.2;665737
xxxx;D;230810;000000;2730;2765;2661.8;2718;2097956
xxxx;D;230811;000000;2718.6;2729;2685.2;2704.2;627924
xxxx;D;230814;000000;2712.4;2732;2605;2610;1372331
xxxx;D;230815;000000;2599;2695.6;2540;2615.8;1099599
xxxx;D;230816;000000;2628;2645;2450.2;2570.6;1585902
xxxx;D;230817;000000;2597;2623;2528;2581.6;1104944
xxxx;D;230818;000000;2582;2609;2537.8;2602.2;817147
xxxx;D;230821;000000;2613.6;2674.4;2582;2662.4;962993
xxxx;D;230822;000000;2672;2718.4;2650;2710.8;1031561
xxxx;D;230823;000000;2714.6;2720;2589.6;2604;1281738
xxxx;D;230824;000000;2626;2660.4;2619.6;2648.4;463352
xxxx;D;230825;000000;2649.2;2669.8;2630.4;2648.6;415630
xxxx;D;230828;000000;2654.4;2685;2652;2670;562574
xxxx;D;230829;000000;2666.8;2710;2666;2698.8;800205
xxxx;D;230830;000000;2691.4;2708;2654.6;2668.2;571060
xxxx;D;230831;000000;2668.2;2694;2641.8;2689;599432
xxxx;D;230901;000000;2690;2700;2670;2690.2;417718
xxxx;D;230904;000000;2690;2756;2688.8;2744;1159692
xxxx;D;230905;000000;2744.2;2754.8;2711.2;2726.6;587474
xxxx;D;230906;000000;2730;2733;2653;2664.6;947759
xxxx;D;230907;000000;2666.6;2673.4;2555.2;2585.6;1561701
xxxx;D;230908;000000;2586;2609;2526.2;2547.6;863051
xxxx;D;230911;000000;2567;2584.8;2470;2488.8;1191720
xxxx;D;230912;000000;2497;2598;2497;2579.2;1052387
xxxx;D;230913;000000;2582;2633;2535.6;2550.8;1043252
xxxx;D;230914;000000;2553;2561.2;2450.2;2508.8;1126757
xxxx;D;230915;000000;2499;2588;2485;2568;628855
xxxx;D;230918;000000;2593;2620;2508.8;2518;817317
xxxx;D;230919;000000;2521;2527;2422.2;2442.2;1283391
xxxx;D;230920;000000;2456.8;2460;2358;2418;1494661
xxxx;D;230921;000000;2407.8;2419;2350.8;2355.4;1152180
xxxx;D;230922;000000;2355.4;2435;2323.2;2410.2;984738
xxxx;D;230925;000000;2425;2425;2369.6;2391;542586
xxxx;D;230926;000000;2390.6;2411.8;2352.8;2391;707215
xxxx;D;230927;000000;2405;2466;2390.4;2453.8;995801
xxxx;D;230928;000000;2455;2475.2;2422.8;2439.4;834660
xxxx;D;230929;000000;2447.8;2449.4;2392;2402.2;897964
xxxx;D;231002;000000;2415.8;2434;2377.6;2395.8;760461
xxxx;D;231003;000000;2390.2;2414.4;2367.2;2386.8;657291
xxxx;D;231004;000000;2383.4;2410;2373.2;2379.6;717879
xxxx;D;231005;000000;2388;2483.6;2360.2;2480;2258122
xxxx;D;231006;000000;2490.6;2516.8;2468;2482.2;1526500
xxxx;D;231009;000000;2484;2498.8;2470;2477.4;509121
xxxx;D;231010;000000;2477.6;2507.8;2454.2;2485.2;830630
xxxx;D;231011;000000;2490;2500;2420;2444;644806
xxxx;D;231012;000000;2435;2472;2421;2465;517913
xxxx;D;231013;000000;2470;2534;2466;2512.6;1235619
xxxx;D;231016;000000;2527.8;2552;2520.8;2530;673061
xxxx;D;231017;000000;2527;2540.6;2509.6;2527.4;535882
xxxx;D;231018;000000;2522.2;2539;2511.8;2527.2;541004
xxxx;D;231019;000000;2521.4;2675.4;2517;2660.6;3276711
xxxx;D;231020;000000;2668.8;2700;2611;2679.4;1959038
xxxx;D;231023;000000;2690;2717.4;2656.8;2677.2;976479
xxxx;D;231024;000000;2674;2730;2632.4;2725.2;1224647
xxxx;D;231025;000000;2726.2;2750;2700;2737;1013175
xxxx;D;231026;000000;2760;2772.4;2675;2682.4;1741065
xxxx;D;231027;000000;2684.8;2736;2620;2666.6;2311934
xxxx;D;231030;000000;2666.8;2677;2600.2;2603.6;816858
xxxx;D;231031;000000;2595;2640;2557;2612;1049562
xxxx;D;231101;000000;2611.6;2672.2;2600;2639.8;817839
xxxx;D;231102;000000;2643.6;2665;2603;2625.6;642643
xxxx;D;231103;000000;2633.6;2638.2;2594.2;2613;542501
xxxx;D;231106;000000;2612;2653.2;2606.2;2638;299894
xxxx;D;231107;000000;2638.2;2645;2616.6;2633.2;306527
xxxx;D;231108;000000;2638;2661.8;2605;2614.8;595674
xxxx;D;231109;000000;2616.8;2623.4;2582.6;2611.6;583654
xxxx;D;231110;000000;2619;2620;2587.8;2598.8;346142
xxxx;D;231113;000000;2598;2599.8;2568.6;2577.2;470501
xxxx;D;231114;000000;2571.6;2677.8;2531.6;2600;2304984
xxxx;D;231115;000000;2592.2;2651.8;2590;2620;879855
xxxx;D;231116;000000;2620;2631.2;2564.6;2569;1161809
xxxx;D;231117;000000;2569;2593.6;2546;2572;478139
xxxx;D;231120;000000;2573;2589.2;2557;2573.4;572912
xxxx;D;231121;000000;2570;2587.8;2563;2572.6;340917
xxxx;D;231122;000000;2578;2599;2568;2573.4;486196
xxxx;D;231123;000000;2583;2598;2540;2559.2;583121
xxxx;D;231124;000000;2569.6;2616.4;2560;2594.6;1005631
xxxx;D;231127;000000;2593.4;2659.4;2587;2593.2;1903884
xxxx;D;231128;000000;2599.2;2628;2591;2602.6;808923
xxxx;D;231129;000000;2602.2;2628.8;2563.6;2574;902549
xxxx;D;231130;000000;2576;2603.8;2501;2523.4;1097112
xxxx;D;231201;000000;2526.4;2548;2410;2420.6;1683423
xxxx;D;231204;000000;2420;2436.8;2365.6;2397.8;1239252
xxxx;D;231205;000000;2419.6;2433;2385;2418.6;643260
xxxx;D;231206;000000;2420.2;2428.8;2301;2320.6;1297177
xxxx;D;231207;000000;2326.6;2367.6;2296.2;2349.8;1011069
xxxx;D;231208;000000;2365;2385;2335.2;2337.6;695479
xxxx;D;231211;000000;2339;2343.8;2191.4;2207.6;2085576
xxxx;D;231212;000000;2219.8;2284.4;2201;2257;1883367
xxxx;D;231213;000000;2243;2288;2230.2;2266.8;1087960
xxxx;D;231214;000000;2271;2275.6;2140;2157.6;1559511
xxxx;D;231215;000000;2162;2244;2116.2;2224.4;2086655
xxxx;D;231218;000000;2228;2271;2217.4;2250.4;1389454
xxxx;D;231219;000000;2250.2;2274;2231.8;2242.2;898147
xxxx;D;231220;000000;2245.6;2318.8;2242.6;2288.8;2252431
xxxx;D;231221;000000;2278.8;2286.8;2245.2;2267.2;942834
xxxx;D;231222;000000;2267;2303.8;2266.2;2295.8;802124
xxxx;D;231225;000000;2300.6;2455.8;2297;2396.6;4164074
xxxx;D;231226;000000;2398.8;2439.8;2361;2427.6;1543722
xxxx;D;231227;000000;2428;2574.6;2428;2550;2789178
xxxx;D;231228;000000;2594;2610;2520;2531.2;2089692
xxxx;D;231229;000000;2537.6;2566;2505.6;2540;859639
xxxx;D;240103;000000;2550;2593;2542;2581;425879
xxxx;D;240104;000000;2575;2580.4;2554.4;2568;393161
xxxx;D;240105;000000;2568.4;2586.6;2566.2;2576.8;264257
xxxx;D;240108;000000;2580.2;2618.8;2579.2;2611;672087
xxxx;D;240109;000000;2621.2;2628.8;2584;2607;620500
xxxx;D;240110;000000;2606.8;2615.2;2573.4;2586.4;526227
xxxx;D;240111;000000;2586.8;2614.6;2583.6;2605;550695
xxxx;D;240112;000000;2610.8;2644;2606;2631;735355
xxxx;D;240115;000000;2645;2695;2642.2;2690.2;1002045
xxxx;D;240116;000000;2698.6;2698.8;2630.6;2647.2;950469
xxxx;D;240117;000000;2643;2674.8;2635.2;2652.4;492065
xxxx;D;240118;000000;2654.4;2660;2590.8;2595.8;827733
xxxx;D;240119;000000;2606;2606;2550;2569.8;805680
xxxx;D;240122;000000;2572.8;2615.4;2551;2601;557079
xxxx;D;240123;000000;2661;2690;2612.2;2635.4;1605227
xxxx;D;240124;000000;2636;2658.8;2615;2645.8;816125
xxxx;D;240125;000000;2651;2798;2633.6;2779;2793527
xxxx;D;240126;000000;2789.2;2895;2778.8;2873;4129990
xxxx;D;240129;000000;2900.2;2996.6;2896.4;2995;3210492
xxxx;D;240130;000000;2998;3138.8;2966;3078;6276392
xxxx;D;240131;000000;3099;3117.8;3019.4;3026;2383839
xxxx;D;240201;000000;3025;3130;3002.2;3108;2738744
xxxx;D;240202;000000;3116.6;3169.6;3059.8;3163;3013086
xxxx;D;240205;000000;2903;3086.6;2870;3047;11129601
xxxx;D;240206;000000;3043.4;3137;3019.2;3108.6;3487262
xxxx;D;240207;000000;3118.2;3363.6;3110.4;3325;7854832
xxxx;D;240208;000000;3339;3432;3242.8;3306.2;9567315
xxxx;D;240209;000000;3320;3340;3204;3290.4;2729079
xxxx;D;240212;000000;3296.6;3317;3226;3304.6;1661144
xxxx;D;240213;000000;3320.6;3497.4;3292.4;3477;4101928
xxxx;D;240214;000000;3482.8;3543.8;3392.2;3439.4;3417121
xxxx;D;240215;000000;3443;3497.4;3393.2;3444.2;2910587
xxxx;D;240216;000000;3448.4;3464;3362;3417;2461877
xxxx;D;240219;000000;3424.8;3444;3282.6;3310.4;1944984
xxxx;D;240220;000000;3311.4;3392.8;3273.8;3314.6;2702765
xxxx;D;240221;000000;3314.8;3342;3173.8;3246.2;3112682
xxxx;D;240222;000000;3256;3285;3204;3241.8;1401732
xxxx;D;240226;000000;3342;3411.2;3294;3404.8;1761401
xxxx;D;240227;000000;3411.8;3417;3340;3365.8;1085792
xxxx;D;240228;000000;3365.8;3396;3337;3375.8;959563
xxxx;D;240229;000000;3382;3400;3350;3383;629382
xxxx;D;240301;000000;3385.6;3542;3380.2;3539.4;2838863
xxxx;D;240304;000000;3580.2;3718;3565.2;3700.6;4295866
xxxx;D;240305;000000;3710;3710;3600.2;3627;2487397
xxxx;D;240306;000000;3625.2;3625.2;3562.8;3577.8;1377867
xxxx;D;240307;000000;3566.8;3670;3546;3623.8;1306761
xxxx;D;240311;000000;3633;3650;3507.4;3544.4;2827001
xxxx;D;240312;000000;3549.2;3549.2;3487.6;3499.6;945758
xxxx;D;240313;000000;3499.8;3610;3488;3588.6;1749114
xxxx;D;240314;000000;3589;3631.8;3550;3598.8;1551185
xxxx;D;240315;000000;3602.2;3667.8;3571.4;3635.6;1780247
xxxx;D;240318;000000;3620;3708.8;3595;3686.2;1630156
xxxx;D;240319;000000;3687;3859.4;3683.2;3797;4106947
xxxx;D;240320;000000;3815;3972.6;3810;3948;3667238
xxxx;D;240321;000000;3953;4004.8;3842.4;3882;3385416
xxxx;D;240322;000000;3884.8;3944.6;3800;3834;2438389
xxxx;D;240325;000000;3848.6;4025;3845.2;4024.6;1933023
xxxx;D;240326;000000;4036.2;4080;3985;4018.8;1517670
xxxx;D;240327;000000;4024;4033.4;3986.6;4007.2;727700
xxxx;D;240328;000000;4014.8;4050;3983.4;4003.8;644990
xxxx;D;240329;000000;4015;4015;3973.2;3994;647215
xxxx;D;240401;000000;4020;4055;3940.2;3975;1212148
xxxx;D;240402;000000;3980;3992.4;3735.8;3868;4565829
xxxx;D;240403;000000;3880;3936.4;3820.8;3920.2;964379
xxxx;D;240404;000000;3930.8;3985;3918;3960;717536
xxxx;D;240405;000000;3963.2;4007;3949.6;3995;548627
xxxx;D;240408;000000;4010.6;4010.8;3878.4;3959;1449407
xxxx;D;240409;000000;3957;3965.8;3926.4;3954.6;576477
xxxx;D;240410;000000;3950;4007.8;3935;3980;536130
xxxx;D;240411;000000;3989;3995;3935;3946;378927
xxxx;D;240412;000000;3944.4;3999.8;3944;3990;411133
xxxx;D;240415;000000;3987.8;4076.2;3942;4046;1088093
xxxx;D;240416;000000;4050;4077;4014.6;4049.6;384269
xxxx;D;240417;000000;4052;4200;4052;4199.8;1598948
xxxx;D;240418;000000;4200;4222;4143.2;4193;716187
xxxx;D;240419;000000;4195;4269;4156.8;4257.2;785405
xxxx;D;240422;000000;4264.6;4348.6;4069.2;4290.2;2290103
xxxx;D;240423;000000;4290.2;4299;4152.6;4172.2;814720
xxxx;D;240424;000000;4164.2;4184.6;4087.4;4111.8;903071
xxxx;D;240425;000000;4107.2;4184.6;4020.2;4164.6;1436605
xxxx;D;240426;000000;4164.8;4251;4101.2;4231.6;1018736
xxxx;D;240427;000000;4231.6;4260.4;4120.4;4160.2;844865
xxxx;D;240429;000000;4160.2;4180;4113.6;4173.4;304942
xxxx;D;240430;000000;4174;4174.4;4130.6;4149.6;103507
xxxx;D;240502;000000;4149.8;4195;4114.8;4177;383942
xxxx;D;240503;000000;4182;4246.4;4125.6;4236.4;401425
xxxx;D;240506;000000;4250.6;4313.4;4237;4274;534477
xxxx;D;240507;000000;4274;4371;4242.8;4356;647231
xxxx;D;240508;000000;4359.8;4390;4274;4310;631037
xxxx;D;240510;000000;4319.2;4360;4301.2;4356.2;180545
xxxx;D;240513;000000;4363.4;4592.2;4125;4407;4613982
xxxx;D;240514;000000;4407;4517.4;4401.4;4489.8;1533685
xxxx;D;240515;000000;4491;4508;4334;4355.2;1238454
xxxx;D;240516;000000;4344.8;4410.6;4237.8;4361.2;1170370
xxxx;D;240517;000000;4350.2;4373.2;4257;4271;841847
xxxx;D;240520;000000;4259.6;4300;4150.6;4196;1219286
xxxx;D;240521;000000;4182;4275;4100.2;4106.4;1013417
xxxx;D;240522;000000;4088;4297.4;4060;4234;850010
xxxx;D;240523;000000;4232.8;4285;4180;4206.4;462392
xxxx;D;240524;000000;4205.8;4275.6;4146;4189.2;554083
xxxx;D;240527;000000;4180;4399;4070;4084;758272
xxxx;D;240528;000000;4082.2;4186;4012.6;4038.4;405306
xxxx;D;240529;000000;4040;4098;4002.2;4051;236898
xxxx;D;240530;000000;4050.2;4159;4021.2;4032.8;344523
xxxx;D;240531;000000;4033.2;4080;3939;3996.8;471361
xxxx;D;240603;000000;4035.8;4070;3890;4044.4;392633
xxxx;D;240604;000000;4045.2;4215.6;4006.2;4177.8;357282
xxxx;D;240605;000000;4181;4250;4130;4159.2;435693
xxxx;D;240606;000000;4180;4238;4151.4;4204.2;261180
xxxx;D;240607;000000;4222.8;4284.2;4210.6;4222;328747
xxxx;D;240610;000000;4223;4248;4082.8;4125.6;296780
xxxx;D;240611;000000;4100.8;4140.6;4092;4102;233459
xxxx;D;240613;000000;3980;4160;3901;4048;359413
xxxx;D;240614;000000;4047.6;4128.8;4030;4071.2;330398
xxxx;D;240724;000000;4541;4542;4100;4148.5;5272881
xxxx;D;240725;000000;4154.5;4186;4070;4137.5;1904654
xxxx;D;240726;000000;4138;4176.5;3931;3962.5;4186115
xxxx;D;240729;000000;3934.5;3935;3783;3867;4726169
xxxx;D;240730;000000;3917;3949;3809;3910;4051285
xxxx;D;240731;000000;3916;3954.5;3865.5;3892;2005848
xxxx;D;240801;000000;3894.5;3921;3861;3871.5;1225587
xxxx;D;240802;000000;3872;3874;3726;3728.5;2610905
xxxx;D;240805;000000;3607;3657;3551;3585;3816494
xxxx;D;240806;000000;3643;3700;3564;3644;2337871
xxxx;D;240807;000000;3662;3876;3605;3854;4358036
xxxx;D;240808;000000;3860;3929.5;3790.5;3828;3518885
xxxx;D;240809;000000;3826;3870.5;3792.5;3854.5;1123372
xxxx;D;240812;000000;3834.5;3923;3805.5;3923;1656972
xxxx;D;240813;000000;3937.5;3964;3903.5;3911;1116684
xxxx;D;240814;000000;3915;3929;3825;3831.5;996328
xxxx;D;240815;000000;3832;3860;3783;3828;1129448
xxxx;D;240816;000000;3828.5;3856;3756;3776.5;1083033
xxxx;D;240819;000000;3798.5;3825;3680.5;3725.5;1902791
xxxx;D;240820;000000;3739;3787.5;3683.5;3753;1233449
xxxx;D;240821;000000;3756;3853;3712.5;3836.5;1343753
xxxx;D;240822;000000;3837;3884;3760.5;3794;1504697
xxxx;D;240823;000000;3795;3836.5;3730;3807;1389063
xxxx;D;240826;000000;3879.5;3945;3851;3913.5;1748956
xxxx;D;240827;000000;3911;3942.5;3828.5;3844;908561
xxxx;D;240828;000000;3844;3920;3819;3892.5;1267517
xxxx;D;240829;000000;3900.5;3944.5;3840;3926;1113179
xxxx;D;240830;000000;3954.5;3972.5;3731;3765.5;1663805
xxxx;D;240902;000000;3730.5;3762;3583.5;3620.5;2472551
xxxx;D;240903;000000;3634.5;3707;3568;3652;1934686
xxxx;D;240904;000000;3655;3744;3628;3737;1025206
xxxx;D;240905;000000;3760;3769.5;3669;3679.5;957678
xxxx;D;240906;000000;3682;3745.5;3641;3715;677481
xxxx;D;240909;000000;3740;3888;3738.5;3883.5;1422217
xxxx;D;240910;000000;3904;3905.5;3771;3825;1110652
xxxx;D;240911;000000;3821.5;3878;3777;3782;1316464
xxxx;D;240912;000000;3793;3829.5;3736;3828.5;1163585
xxxx;D;240913;000000;3820;3920;3762.5;3914.5;1696940
xxxx;D;240916;000000;3933.5;4135;3921;4119;2996246
xxxx;D;240917;000000;4127;4175.5;4052.5;4106;1986294
xxxx;D;240918;000000;4114.5;4130;4020;4031;1029059
xxxx;D;240919;000000;4047.5;4150;4026;4137.5;1409040
xxxx;D;240920;000000;4075;4135;4065;4100;1198015
xxxx;D;240923;000000;4100.5;4249;4070;4202.5;1877378
xxxx;D;240924;000000;4209;4240;4128;4160;910326
xxxx;D;240925;000000;4169.5;4169.5;4002;4035.5;1367230
xxxx;D;240926;000000;4016;4059;3963.5;4001.5;1115625
xxxx;D;240927;000000;4010;4068;4002.5;4024;603086
xxxx;D;240930;000000;4045.5;4089;3985.5;4007.5;711892
xxxx;D;241001;000000;4004.5;4023.5;3931;3963;747074
xxxx;D;241002;000000;3967.5;4009;3901;3907.5;692479
xxxx;D;241003;000000;3913;3974;3862.5;3969;925652
xxxx;D;241004;000000;3975;4003;3931;3945.5;593636
xxxx;D;241007;000000;3950;3961;3910;3928.5;385886
xxxx;D;241008;000000;3927.5;4000;3900.5;3982.5;729323
xxxx;D;241009;000000;3982;3987;3906.5;3933.5;436594
xxxx;D;241010;000000;3938;3994;3933;3979.5;389149
xxxx;D;241011;000000;3980;4006;3944;3975;578227
xxxx;D;241014;000000;3985;4082.5;3964;4074;1111982
xxxx;D;241015;000000;4069.5;4128;4059;4091;659095
xxxx;D;241016;000000;4099;4121.5;4023;4057;658823
xxxx;D;241017;000000;4055.5;4065.5;3975.5;3983.5;456723
xxxx;D;241018;000000;3982;4007;3941;3968.5;497518
xxxx;D;241021;000000;3970.5;4054.5;3969.5;4031;524304
xxxx;D;241022;000000;4038;4039;3954;3964.5;433971
xxxx;D;241023;000000;3956;3985.5;3876.5;3883.5;512476
xxxx;D;241024;000000;3883.5;3975;3879;3969.5;602636
xxxx;D;241025;000000;3973;4037;3810.5;3834.5;1413782
xxxx;D;241028;000000;3797.5;3874.5;3655;3743;1579127
xxxx;D;241029;000000;3767.5;3792;3670;3758;1093095
xxxx;D;241030;000000;3769;3817.5;3685.5;3710;730074
xxxx;D;241031;000000;3685;3734.5;3621;3666.5;761805
xxxx;D;241101;000000;3675;3700;3622;3674;797470
xxxx;D;241102;000000;3680;3694;3652.5;3683.5;245836
